DNI;PLAZOMESESCREDITO;HISTORIALCREDITO;PROPOSITOCREDITO;MONTOCREDITO;SALDOCUENTAAHORROS;TIEMPOEMPLEO;TASAPAGO;ESTADOCIVILYSEXO;GARANTE;AVALUOVIVIENDA;ACTIVOS;EDAD;VIVIENDA;CANTIDADCREDITOSEXISTENTES;EMPLEO;TRABAJADOREXTRANJERO;TIPOCLIENTE
104600001;6;A34;A43;1169.0;A65;A75;4.0;A93;A101;4.0;A121;67;A152;2;A173;A201;1
104600002;48;A32;A43;5951.0;A61;A73;2.0;A92;A101;2.0;A121;22;A152;1;A173;A201;2
104600003;12;A34;A46;2096.0;A61;A74;2.0;A93;A101;3.0;A121;49;A152;1;A172;A201;1
104600004;42;A32;A42;7882.0;A61;A74;2.0;A93;A103;4.0;A122;45;A153;1;A173;A201;1
104600005;24;A33;A40;4870.0;A61;A73;3.0;A93;A101;4.0;A124;53;A153;2;A173;A201;2
104600006;36;A32;A46;9055.0;A65;A73;2.0;A93;A101;4.0;A124;35;A153;1;A172;A201;1
104600007;24;A32;A42;2835.0;A63;A75;3.0;A93;A101;4.0;A122;53;A152;1;A173;A201;1
104600008;36;A32;A41;6948.0;A61;A73;2.0;A93;A101;2.0;A123;35;A151;1;A174;A201;1
104600009;12;A32;A43;3059.0;A64;A74;2.0;A91;A101;4.0;A121;61;A152;1;A172;A201;1
104600010;30;A34;A40;5234.0;A61;A71;4.0;A94;A101;2.0;A123;28;A152;2;A174;A201;2
104600011;12;A32;A40;1295.0;A61;A72;3.0;A92;A101;1.0;A123;25;A151;1;A173;A201;2
104600012;48;A32;A49;4308.0;A61;A72;3.0;A92;A101;4.0;A122;24;A151;1;A173;A201;2
104600013;12;A32;A43;1567.0;A61;A73;1.0;A92;A101;1.0;A123;22;A152;1;A173;A201;1
104600014;24;A34;A40;1199.0;A61;A75;4.0;A93;A101;4.0;A123;60;A152;2;A172;A201;2
104600015;15;A32;A40;1403.0;A61;A73;2.0;A92;A101;4.0;A123;28;A151;1;A173;A201;1
104600016;24;A32;A43;1282.0;A62;A73;4.0;A92;A101;2.0;A123;32;A152;1;A172;A201;2
104600017;24;A34;A43;2424.0;A65;A75;4.0;A93;A101;4.0;A122;53;A152;2;A173;A201;1
104600018;30;A30;A49;8072.0;A65;A72;2.0;A93;A101;3.0;A123;25;A152;3;A173;A201;1
104600019;24;A32;A41;12579.0;A61;A75;4.0;A92;A101;2.0;A124;44;A153;1;A174;A201;2
104600020;24;A32;A43;3430.0;A63;A75;3.0;A93;A101;2.0;A123;31;A152;1;A173;A201;1
104600021;9;A34;A40;2134.0;A61;A73;4.0;A93;A101;4.0;A123;48;A152;3;A173;A201;1
104600022;6;A32;A43;2647.0;A63;A73;2.0;A93;A101;3.0;A121;44;A151;1;A173;A201;1
104600023;10;A34;A40;2241.0;A61;A72;1.0;A93;A101;3.0;A121;48;A151;2;A172;A202;1
104600024;12;A34;A41;1804.0;A62;A72;3.0;A93;A101;4.0;A122;44;A152;1;A173;A201;1
104600025;10;A34;A42;2069.0;A65;A73;2.0;A94;A101;1.0;A123;26;A152;2;A173;A202;1
104600026;6;A32;A42;1374.0;A61;A73;1.0;A93;A101;2.0;A121;36;A152;1;A172;A201;1
104600027;6;A30;A43;426.0;A61;A75;4.0;A94;A101;4.0;A123;39;A152;1;A172;A201;1
104600028;12;A31;A43;409.0;A64;A73;3.0;A92;A101;3.0;A121;42;A151;2;A173;A201;1
104600029;7;A32;A43;2415.0;A61;A73;3.0;A93;A103;2.0;A121;34;A152;1;A173;A201;1
104600030;60;A33;A49;6836.0;A61;A75;3.0;A93;A101;4.0;A124;63;A152;2;A173;A201;2
104600031;18;A32;A49;1913.0;A64;A72;3.0;A94;A101;3.0;A121;36;A152;1;A173;A201;1
104600032;24;A32;A42;4020.0;A61;A73;2.0;A93;A101;2.0;A123;27;A152;1;A173;A201;1
104600033;18;A32;A40;5866.0;A62;A73;2.0;A93;A101;2.0;A123;30;A152;2;A173;A201;1
104600034;12;A34;A49;1264.0;A65;A75;4.0;A93;A101;4.0;A124;57;A151;1;A172;A201;1
104600035;12;A32;A42;1474.0;A61;A72;4.0;A92;A101;1.0;A122;33;A152;1;A174;A201;1
104600036;45;A34;A43;4746.0;A61;A72;4.0;A93;A101;2.0;A122;25;A152;2;A172;A201;2
104600037;48;A34;A46;6110.0;A61;A73;1.0;A93;A101;3.0;A124;31;A153;1;A173;A201;1
104600038;18;A32;A43;2100.0;A61;A73;4.0;A93;A102;2.0;A121;37;A152;1;A173;A201;2
104600039;10;A32;A44;1225.0;A61;A73;2.0;A93;A101;2.0;A123;37;A152;1;A173;A201;1
104600040;9;A32;A43;458.0;A61;A73;4.0;A93;A101;3.0;A121;24;A152;1;A173;A201;1
104600041;30;A32;A43;2333.0;A63;A75;4.0;A93;A101;2.0;A123;30;A152;1;A174;A201;1
104600042;12;A32;A43;1158.0;A63;A73;3.0;A91;A101;1.0;A123;26;A152;1;A173;A201;1
104600043;18;A33;A45;6204.0;A61;A73;2.0;A93;A101;4.0;A121;44;A152;1;A172;A201;1
104600044;30;A34;A41;6187.0;A62;A74;1.0;A94;A101;4.0;A123;24;A151;2;A173;A201;1
104600045;48;A34;A41;6143.0;A61;A75;4.0;A92;A101;4.0;A124;58;A153;2;A172;A201;2
104600046;11;A34;A40;1393.0;A61;A72;4.0;A92;A101;4.0;A123;35;A152;2;A174;A201;1
104600047;36;A32;A43;2299.0;A63;A75;4.0;A93;A101;4.0;A123;39;A152;1;A173;A201;1
104600048;6;A32;A41;1352.0;A63;A71;1.0;A92;A101;2.0;A122;23;A151;1;A171;A201;1
104600049;11;A34;A40;7228.0;A61;A73;1.0;A93;A101;4.0;A122;39;A152;2;A172;A201;1
104600050;12;A32;A43;2073.0;A62;A73;4.0;A92;A102;2.0;A121;28;A152;1;A173;A201;1
104600051;24;A33;A42;2333.0;A65;A72;4.0;A93;A101;2.0;A122;29;A152;1;A172;A201;1
104600052;27;A33;A41;5965.0;A61;A75;1.0;A93;A101;2.0;A123;30;A152;2;A174;A201;1
104600053;12;A32;A43;1262.0;A61;A73;3.0;A93;A101;2.0;A123;25;A152;1;A173;A201;1
104600054;18;A32;A41;3378.0;A65;A73;2.0;A93;A101;1.0;A122;31;A152;1;A173;A201;1
104600055;36;A33;A40;2225.0;A61;A75;4.0;A93;A101;4.0;A124;57;A153;2;A173;A201;2
104600056;6;A31;A40;783.0;A65;A73;1.0;A93;A103;2.0;A121;26;A152;1;A172;A201;1
104600057;12;A32;A43;6468.0;A65;A71;2.0;A93;A101;1.0;A124;52;A152;1;A174;A201;2
104600058;36;A34;A43;9566.0;A61;A73;2.0;A92;A101;2.0;A123;31;A152;2;A173;A201;1
104600059;18;A32;A40;1961.0;A61;A75;3.0;A92;A101;2.0;A123;23;A152;1;A174;A201;1
104600060;36;A34;A42;6229.0;A61;A72;4.0;A92;A102;4.0;A124;23;A151;2;A172;A201;2
104600061;9;A32;A49;1391.0;A61;A73;2.0;A94;A101;1.0;A121;27;A152;1;A173;A201;1
104600062;15;A34;A43;1537.0;A65;A75;4.0;A93;A103;4.0;A121;50;A152;2;A173;A201;1
104600063;36;A30;A49;1953.0;A61;A75;4.0;A93;A101;4.0;A124;61;A153;1;A174;A201;2
104600064;48;A30;A49;14421.0;A61;A73;2.0;A93;A101;2.0;A123;25;A152;1;A173;A201;2
104600065;24;A32;A43;3181.0;A61;A72;4.0;A92;A101;4.0;A122;26;A152;1;A173;A201;1
104600066;27;A32;A45;5190.0;A65;A75;4.0;A93;A101;4.0;A122;48;A152;4;A173;A201;1
104600067;12;A32;A43;2171.0;A61;A72;2.0;A92;A101;2.0;A123;29;A152;1;A173;A201;1
104600068;12;A32;A40;1007.0;A64;A73;4.0;A94;A101;1.0;A121;22;A152;1;A173;A201;1
104600069;36;A32;A46;1819.0;A61;A73;4.0;A93;A101;4.0;A124;37;A153;1;A173;A201;2
104600070;36;A32;A43;2394.0;A65;A73;4.0;A92;A101;4.0;A123;25;A152;1;A173;A201;1
104600071;36;A32;A41;8133.0;A61;A73;1.0;A92;A101;2.0;A122;30;A152;1;A173;A201;1
104600072;7;A34;A43;730.0;A65;A75;4.0;A93;A101;2.0;A122;46;A151;2;A172;A201;1
104600073;8;A34;A410;1164.0;A61;A75;3.0;A93;A101;4.0;A124;51;A153;2;A174;A201;1
104600074;42;A34;A49;5954.0;A61;A74;2.0;A92;A101;1.0;A121;41;A152;2;A172;A201;1
104600075;36;A32;A46;1977.0;A65;A75;4.0;A93;A101;4.0;A124;40;A152;1;A174;A201;2
104600076;12;A34;A41;1526.0;A61;A75;4.0;A93;A101;4.0;A124;66;A153;2;A174;A201;1
104600077;42;A32;A43;3965.0;A61;A72;4.0;A93;A101;3.0;A123;34;A152;1;A173;A201;2
104600078;11;A33;A43;4771.0;A61;A74;2.0;A93;A101;4.0;A122;51;A152;1;A173;A201;1
104600079;54;A30;A41;9436.0;A65;A73;2.0;A93;A101;2.0;A122;39;A152;1;A172;A201;1
104600080;30;A32;A42;3832.0;A61;A72;2.0;A94;A101;1.0;A122;22;A152;1;A173;A201;1
104600081;24;A32;A43;5943.0;A65;A72;1.0;A92;A101;1.0;A123;44;A152;2;A173;A201;2
104600082;15;A32;A43;1213.0;A63;A75;4.0;A93;A101;3.0;A122;47;A152;1;A173;A201;1
104600083;18;A32;A49;1568.0;A62;A73;3.0;A92;A101;4.0;A122;24;A151;1;A172;A201;1
104600084;24;A32;A410;1755.0;A61;A75;4.0;A92;A103;4.0;A121;58;A152;1;A172;A201;1
104600085;10;A32;A43;2315.0;A61;A75;3.0;A93;A101;4.0;A121;52;A152;1;A172;A201;1
104600086;12;A34;A49;1412.0;A61;A73;4.0;A92;A103;2.0;A121;29;A152;2;A174;A201;1
104600087;18;A34;A42;1295.0;A61;A72;4.0;A92;A101;1.0;A122;27;A152;2;A173;A201;1
104600088;36;A32;A46;12612.0;A62;A73;1.0;A93;A101;4.0;A124;47;A153;1;A173;A201;2
104600089;18;A32;A40;2249.0;A62;A74;4.0;A93;A101;3.0;A123;30;A152;1;A174;A201;1
104600090;12;A30;A45;1108.0;A61;A74;4.0;A93;A101;3.0;A121;28;A152;2;A173;A201;2
104600091;12;A34;A43;618.0;A61;A75;4.0;A93;A101;4.0;A121;56;A152;1;A173;A201;1
104600092;12;A34;A41;1409.0;A61;A75;4.0;A93;A101;3.0;A121;54;A152;1;A173;A201;1
104600093;12;A34;A43;797.0;A65;A75;4.0;A92;A101;3.0;A122;33;A152;1;A172;A201;2
104600094;24;A34;A42;3617.0;A65;A75;4.0;A93;A102;4.0;A124;20;A151;2;A173;A201;1
104600095;12;A32;A40;1318.0;A64;A75;4.0;A93;A101;4.0;A121;54;A152;1;A173;A201;1
104600096;54;A30;A49;15945.0;A61;A72;3.0;A93;A101;4.0;A124;58;A151;1;A173;A201;2
104600097;12;A34;A46;2012.0;A65;A74;4.0;A92;A101;2.0;A123;61;A152;1;A173;A201;1
104600098;18;A32;A49;2622.0;A62;A73;4.0;A93;A101;4.0;A123;34;A152;1;A173;A201;1
104600099;36;A34;A43;2337.0;A61;A75;4.0;A93;A101;4.0;A121;36;A152;1;A173;A201;1
104600100;20;A33;A41;7057.0;A65;A74;3.0;A93;A101;4.0;A122;36;A151;2;A174;A201;1
104600101;24;A32;A40;1469.0;A62;A75;4.0;A94;A101;4.0;A121;41;A151;1;A172;A201;1
104600102;36;A32;A43;2323.0;A61;A74;4.0;A93;A101;4.0;A123;24;A151;1;A173;A201;1
104600103;6;A33;A43;932.0;A61;A73;3.0;A92;A101;2.0;A121;24;A152;1;A173;A201;1
104600104;9;A34;A42;1919.0;A61;A74;4.0;A93;A101;3.0;A123;35;A151;1;A173;A201;1
104600105;12;A32;A41;2445.0;A65;A72;2.0;A94;A101;4.0;A123;26;A151;1;A173;A201;1
104600106;24;A34;A410;11938.0;A61;A73;2.0;A93;A102;3.0;A123;39;A152;2;A174;A201;2
104600107;18;A31;A40;6458.0;A61;A75;2.0;A93;A101;4.0;A124;39;A152;2;A174;A201;2
104600108;12;A32;A40;6078.0;A61;A74;2.0;A93;A101;2.0;A123;32;A152;1;A173;A201;1
104600109;24;A32;A42;7721.0;A65;A72;1.0;A92;A101;2.0;A122;30;A152;1;A173;A202;1
104600110;14;A32;A49;1410.0;A63;A75;1.0;A94;A101;2.0;A121;35;A152;1;A173;A201;1
104600111;6;A33;A49;1449.0;A62;A75;1.0;A91;A101;2.0;A123;31;A152;2;A173;A201;1
104600112;15;A32;A46;392.0;A61;A72;4.0;A92;A101;4.0;A122;23;A151;1;A173;A201;1
104600113;18;A32;A40;6260.0;A61;A74;3.0;A93;A101;3.0;A121;28;A151;1;A172;A201;1
104600114;36;A34;A40;7855.0;A61;A73;4.0;A92;A101;2.0;A121;25;A152;2;A173;A201;2
104600115;12;A32;A43;1680.0;A63;A75;3.0;A94;A101;1.0;A121;35;A152;1;A173;A201;1
104600116;48;A34;A43;3578.0;A65;A75;4.0;A93;A101;1.0;A121;47;A152;1;A173;A201;1
104600117;42;A32;A43;7174.0;A65;A74;4.0;A92;A101;3.0;A123;30;A152;1;A174;A201;2
104600118;10;A34;A42;2132.0;A65;A72;2.0;A92;A102;3.0;A121;27;A151;2;A173;A202;1
104600119;33;A34;A42;4281.0;A63;A73;1.0;A92;A101;4.0;A123;23;A152;2;A173;A201;2
104600120;12;A34;A40;2366.0;A63;A74;3.0;A91;A101;3.0;A123;36;A152;1;A174;A201;1
104600121;21;A32;A43;1835.0;A61;A73;3.0;A92;A101;2.0;A121;25;A152;2;A173;A201;2
104600122;24;A34;A41;3868.0;A61;A75;4.0;A92;A101;2.0;A123;41;A151;2;A174;A201;1
104600123;12;A32;A42;1768.0;A61;A73;3.0;A93;A101;2.0;A121;24;A151;1;A172;A201;1
104600124;10;A34;A40;781.0;A61;A75;4.0;A93;A101;4.0;A124;63;A153;2;A173;A201;1
104600125;18;A32;A42;1924.0;A65;A72;4.0;A92;A101;3.0;A121;27;A151;1;A173;A201;2
104600126;12;A34;A40;2121.0;A61;A73;4.0;A93;A101;2.0;A122;30;A152;2;A173;A201;1
104600127;12;A32;A43;701.0;A61;A73;4.0;A94;A101;2.0;A121;40;A152;1;A172;A201;1
104600128;12;A32;A45;639.0;A61;A73;4.0;A93;A101;2.0;A123;30;A152;1;A173;A201;2
104600129;12;A34;A41;1860.0;A61;A71;4.0;A93;A101;2.0;A123;34;A152;2;A174;A201;1
104600130;12;A34;A40;3499.0;A61;A73;3.0;A92;A102;2.0;A121;29;A152;2;A173;A201;2
104600131;48;A32;A40;8487.0;A65;A74;1.0;A92;A101;2.0;A123;24;A152;1;A173;A201;1
104600132;36;A33;A46;6887.0;A61;A73;4.0;A93;A101;3.0;A122;29;A152;1;A173;A201;2
104600133;15;A32;A42;2708.0;A61;A72;2.0;A93;A101;3.0;A122;27;A152;2;A172;A201;1
104600134;18;A32;A42;1984.0;A61;A73;4.0;A93;A101;4.0;A124;47;A153;2;A173;A201;1
104600135;60;A32;A43;10144.0;A62;A74;2.0;A92;A101;4.0;A121;21;A152;1;A173;A201;1
104600136;12;A34;A43;1240.0;A65;A75;4.0;A92;A101;2.0;A121;38;A152;2;A173;A201;1
104600137;27;A33;A41;8613.0;A64;A73;2.0;A93;A101;2.0;A123;27;A152;2;A173;A201;1
104600138;12;A32;A43;766.0;A63;A73;4.0;A93;A101;3.0;A121;66;A152;1;A172;A201;2
104600139;15;A34;A43;2728.0;A65;A74;4.0;A93;A103;2.0;A121;35;A152;3;A173;A201;1
104600140;12;A32;A43;1881.0;A61;A73;2.0;A92;A101;2.0;A123;44;A151;1;A172;A201;1
104600141;6;A32;A40;709.0;A64;A72;2.0;A94;A101;2.0;A121;27;A152;1;A171;A202;1
104600142;36;A32;A43;4795.0;A61;A72;4.0;A92;A101;1.0;A124;30;A152;1;A174;A201;1
104600143;27;A32;A43;3416.0;A61;A73;3.0;A93;A101;2.0;A123;27;A152;1;A174;A201;1
104600144;18;A32;A42;2462.0;A61;A73;2.0;A93;A101;2.0;A123;22;A152;1;A173;A201;2
104600145;21;A34;A42;2288.0;A61;A72;4.0;A92;A101;4.0;A122;23;A152;1;A173;A201;1
104600146;48;A31;A49;3566.0;A62;A74;4.0;A93;A101;2.0;A123;30;A152;1;A173;A201;1
104600147;6;A34;A40;860.0;A61;A75;1.0;A92;A101;4.0;A124;39;A152;2;A173;A201;1
104600148;12;A34;A40;682.0;A62;A74;4.0;A92;A101;3.0;A123;51;A152;2;A173;A201;1
104600149;36;A34;A42;5371.0;A61;A73;3.0;A93;A103;2.0;A122;28;A152;2;A173;A201;1
104600150;18;A34;A43;1582.0;A64;A75;4.0;A93;A101;4.0;A123;46;A152;2;A173;A201;1
104600151;6;A32;A43;1346.0;A62;A75;2.0;A93;A101;4.0;A124;42;A153;1;A173;A201;1
104600152;10;A32;A43;1924.0;A61;A73;1.0;A93;A101;4.0;A122;38;A152;1;A173;A202;1
104600153;36;A32;A43;5848.0;A61;A73;4.0;A93;A101;1.0;A123;24;A152;1;A173;A201;1
104600154;24;A34;A41;7758.0;A64;A75;2.0;A92;A101;4.0;A124;29;A151;1;A173;A201;1
104600155;24;A33;A49;6967.0;A62;A74;4.0;A93;A101;4.0;A123;36;A151;1;A174;A201;1
104600156;12;A32;A42;1282.0;A61;A73;2.0;A92;A101;4.0;A123;20;A151;1;A173;A201;2
104600157;9;A34;A45;1288.0;A62;A75;3.0;A93;A103;4.0;A121;48;A152;2;A173;A202;1
104600158;12;A31;A48;339.0;A61;A75;4.0;A94;A101;1.0;A123;45;A152;1;A172;A201;1
104600159;24;A32;A40;3512.0;A62;A74;2.0;A93;A101;3.0;A123;38;A152;2;A173;A201;1
104600160;6;A34;A43;1898.0;A65;A73;1.0;A93;A101;2.0;A121;34;A152;2;A172;A201;1
104600161;24;A34;A43;2872.0;A62;A75;3.0;A93;A101;4.0;A121;36;A152;1;A173;A201;1
104600162;18;A34;A40;1055.0;A61;A72;4.0;A92;A101;1.0;A122;30;A152;2;A173;A201;1
104600163;15;A32;A44;1262.0;A63;A74;4.0;A93;A101;3.0;A122;36;A152;2;A173;A201;1
104600164;10;A32;A40;7308.0;A61;A71;2.0;A93;A101;4.0;A124;70;A153;1;A174;A201;1
104600165;36;A32;A40;909.0;A63;A75;4.0;A93;A101;4.0;A122;36;A152;1;A173;A201;1
104600166;6;A32;A42;2978.0;A63;A73;1.0;A93;A101;2.0;A123;32;A152;1;A173;A201;1
104600167;18;A32;A42;1131.0;A61;A71;4.0;A92;A101;2.0;A123;33;A152;1;A173;A201;2
104600168;11;A32;A42;1577.0;A64;A72;4.0;A92;A101;1.0;A121;20;A152;1;A173;A201;1
104600169;24;A32;A42;3972.0;A61;A74;2.0;A92;A101;4.0;A122;25;A151;1;A173;A201;1
104600170;24;A34;A49;1935.0;A61;A75;4.0;A91;A101;4.0;A121;31;A152;2;A173;A201;2
104600171;15;A30;A40;950.0;A61;A75;4.0;A93;A101;3.0;A123;33;A151;2;A173;A201;2
104600172;12;A32;A42;763.0;A61;A73;4.0;A92;A101;1.0;A121;26;A152;1;A173;A201;1
104600173;24;A33;A42;2064.0;A61;A71;3.0;A92;A101;2.0;A122;34;A152;1;A174;A201;2
104600174;8;A32;A43;1414.0;A61;A73;4.0;A93;A103;2.0;A121;33;A152;1;A173;A202;1
104600175;21;A33;A46;3414.0;A61;A72;2.0;A93;A101;1.0;A122;26;A152;2;A173;A201;2
104600176;30;A31;A41;7485.0;A65;A71;4.0;A92;A101;1.0;A121;53;A152;1;A174;A201;2
104600177;12;A32;A42;2577.0;A61;A73;2.0;A91;A101;1.0;A123;42;A152;1;A173;A201;1
104600178;6;A34;A43;338.0;A63;A75;4.0;A93;A101;4.0;A123;52;A152;2;A173;A201;1
104600179;12;A32;A43;1963.0;A61;A74;4.0;A93;A101;2.0;A123;31;A151;2;A174;A201;1
104600180;21;A34;A40;571.0;A61;A75;4.0;A93;A101;4.0;A121;65;A152;2;A173;A201;1
104600181;36;A33;A49;9572.0;A61;A72;1.0;A91;A101;1.0;A123;28;A152;2;A173;A201;2
104600182;36;A33;A49;4455.0;A61;A73;2.0;A91;A101;2.0;A121;30;A152;2;A174;A201;2
104600183;21;A31;A40;1647.0;A65;A73;4.0;A93;A101;2.0;A122;40;A152;2;A172;A201;2
104600184;24;A34;A42;3777.0;A64;A73;4.0;A93;A101;4.0;A121;50;A152;1;A173;A201;1
104600185;18;A34;A40;884.0;A61;A75;4.0;A93;A101;4.0;A123;36;A152;1;A173;A201;2
104600186;15;A34;A43;1360.0;A61;A73;4.0;A93;A101;2.0;A122;31;A152;2;A173;A201;1
104600187;9;A31;A41;5129.0;A61;A75;2.0;A92;A101;4.0;A124;74;A153;1;A174;A201;2
104600188;16;A34;A40;1175.0;A61;A71;2.0;A93;A101;3.0;A123;68;A153;3;A171;A201;1
104600189;12;A32;A43;674.0;A62;A74;4.0;A94;A101;1.0;A122;20;A152;1;A173;A201;2
104600190;18;A30;A42;3244.0;A61;A73;1.0;A92;A101;4.0;A123;33;A152;2;A173;A201;1
104600191;24;A32;A49;4591.0;A64;A73;2.0;A93;A101;3.0;A122;54;A152;3;A174;A201;2
104600192;48;A30;A49;3844.0;A62;A74;4.0;A93;A101;4.0;A124;34;A153;1;A172;A201;2
104600193;27;A32;A49;3915.0;A61;A73;4.0;A93;A101;2.0;A123;36;A152;1;A173;A201;2
104600194;6;A32;A43;2108.0;A61;A74;2.0;A94;A101;2.0;A121;29;A151;1;A173;A201;1
104600195;45;A32;A43;3031.0;A62;A73;4.0;A93;A103;4.0;A122;21;A151;1;A173;A201;2
104600196;9;A34;A46;1501.0;A61;A75;2.0;A92;A101;3.0;A123;34;A152;2;A174;A201;2
104600197;6;A34;A43;1382.0;A61;A73;1.0;A92;A101;1.0;A123;28;A152;2;A173;A201;1
104600198;12;A32;A42;951.0;A62;A72;4.0;A92;A101;4.0;A123;27;A151;4;A173;A201;2
104600199;24;A32;A41;2760.0;A65;A75;4.0;A93;A101;4.0;A124;36;A153;1;A173;A201;1
104600200;18;A33;A42;4297.0;A61;A75;4.0;A91;A101;3.0;A124;40;A152;1;A174;A201;2
104600201;9;A34;A46;936.0;A63;A75;4.0;A93;A101;2.0;A123;52;A152;2;A173;A201;1
104600202;12;A32;A40;1168.0;A61;A73;4.0;A94;A101;3.0;A121;27;A152;1;A172;A201;1
104600203;27;A33;A49;5117.0;A61;A74;3.0;A93;A101;4.0;A123;26;A152;2;A173;A201;1
104600204;12;A32;A48;902.0;A61;A74;4.0;A94;A101;4.0;A122;21;A151;1;A173;A201;2
104600205;12;A34;A40;1495.0;A61;A75;4.0;A93;A101;1.0;A121;38;A152;2;A172;A201;1
104600206;30;A34;A41;10623.0;A61;A75;3.0;A93;A101;4.0;A124;38;A153;3;A174;A201;1
104600207;12;A34;A42;1935.0;A61;A75;4.0;A93;A101;4.0;A121;43;A152;3;A173;A201;1
104600208;12;A34;A44;1424.0;A61;A74;4.0;A93;A101;3.0;A122;26;A152;1;A173;A201;1
104600209;24;A32;A49;6568.0;A61;A73;2.0;A94;A101;2.0;A123;21;A152;1;A172;A201;1
104600210;12;A32;A41;1413.0;A64;A74;3.0;A93;A101;2.0;A122;55;A152;1;A173;A202;1
104600211;9;A34;A43;3074.0;A65;A73;1.0;A93;A101;2.0;A121;33;A152;2;A173;A201;1
104600212;36;A32;A43;3835.0;A65;A75;2.0;A92;A101;4.0;A121;45;A152;1;A172;A201;1
104600213;27;A30;A49;5293.0;A61;A71;2.0;A93;A101;4.0;A122;50;A152;2;A173;A201;2
104600214;30;A33;A49;1908.0;A61;A75;4.0;A93;A101;4.0;A121;66;A152;1;A174;A201;2
104600215;36;A34;A43;3342.0;A65;A75;4.0;A93;A101;2.0;A123;51;A152;1;A173;A201;1
104600216;6;A34;A48;932.0;A65;A74;1.0;A92;A101;3.0;A122;39;A152;2;A172;A201;1
104600217;18;A30;A49;3104.0;A61;A74;3.0;A93;A101;1.0;A122;31;A152;1;A173;A201;1
104600218;36;A32;A43;3913.0;A61;A73;2.0;A93;A101;2.0;A121;23;A152;1;A173;A201;1
104600219;24;A32;A42;3021.0;A61;A73;2.0;A91;A101;2.0;A121;24;A151;1;A172;A201;1
104600220;10;A32;A40;1364.0;A61;A73;2.0;A92;A101;4.0;A123;64;A152;1;A173;A201;1
104600221;12;A32;A43;625.0;A61;A72;4.0;A94;A103;1.0;A121;26;A152;1;A172;A201;1
104600222;12;A32;A46;1200.0;A65;A73;4.0;A92;A101;4.0;A122;23;A151;1;A173;A201;1
104600223;12;A32;A43;707.0;A61;A73;4.0;A93;A101;2.0;A121;30;A152;2;A173;A201;1
104600224;24;A33;A49;2978.0;A65;A73;4.0;A93;A101;4.0;A121;32;A152;2;A173;A201;1
104600225;15;A32;A41;4657.0;A61;A73;3.0;A93;A101;2.0;A123;30;A152;1;A173;A201;1
104600226;36;A30;A45;2613.0;A61;A73;4.0;A93;A101;2.0;A123;27;A152;2;A173;A201;1
104600227;48;A32;A43;10961.0;A64;A74;1.0;A93;A102;2.0;A124;27;A152;2;A173;A201;2
104600228;12;A32;A42;7865.0;A61;A75;4.0;A93;A101;4.0;A124;53;A153;1;A174;A201;2
104600229;9;A32;A43;1478.0;A61;A74;4.0;A93;A101;2.0;A123;22;A152;1;A173;A201;2
104600230;24;A32;A42;3149.0;A61;A72;4.0;A93;A101;1.0;A124;22;A153;1;A173;A201;1
104600231;36;A32;A43;4210.0;A61;A73;4.0;A93;A101;2.0;A123;26;A152;1;A173;A201;2
104600232;9;A32;A40;2507.0;A63;A75;2.0;A93;A101;4.0;A124;51;A153;1;A172;A201;1
104600233;12;A32;A43;2141.0;A62;A74;3.0;A93;A101;1.0;A124;35;A152;1;A173;A201;1
104600234;18;A32;A43;866.0;A61;A73;4.0;A94;A103;2.0;A121;25;A152;1;A172;A201;1
104600235;4;A34;A43;1544.0;A61;A74;2.0;A93;A101;1.0;A121;42;A152;3;A172;A201;1
104600236;24;A32;A43;1823.0;A61;A71;4.0;A93;A101;2.0;A123;30;A152;1;A174;A201;2
104600237;6;A32;A40;14555.0;A65;A71;1.0;A93;A101;2.0;A122;23;A152;1;A171;A201;2
104600238;21;A32;A49;2767.0;A62;A75;4.0;A91;A101;2.0;A123;61;A151;2;A172;A201;2
104600239;12;A34;A43;1291.0;A61;A73;4.0;A92;A101;2.0;A122;35;A152;2;A173;A201;1
104600240;30;A32;A43;2522.0;A61;A75;1.0;A93;A103;3.0;A122;39;A152;1;A173;A201;1
104600241;24;A32;A40;915.0;A65;A75;4.0;A92;A101;2.0;A123;29;A152;1;A173;A201;2
104600242;6;A32;A43;1595.0;A61;A74;3.0;A93;A101;2.0;A122;51;A152;1;A173;A201;1
104600243;48;A30;A41;4605.0;A61;A75;3.0;A93;A101;4.0;A124;24;A153;2;A173;A201;2
104600244;12;A34;A49;1185.0;A61;A73;3.0;A92;A101;2.0;A121;27;A152;2;A173;A201;1
104600245;12;A31;A48;3447.0;A63;A73;4.0;A92;A101;3.0;A121;35;A152;1;A172;A201;1
104600246;24;A32;A49;1258.0;A61;A74;4.0;A93;A101;1.0;A121;25;A152;1;A173;A201;1
104600247;12;A34;A43;717.0;A61;A75;4.0;A93;A101;4.0;A121;52;A152;3;A173;A201;1
104600248;6;A30;A40;1204.0;A62;A73;4.0;A93;A101;1.0;A124;35;A151;1;A173;A202;1
104600249;24;A32;A42;1925.0;A61;A73;2.0;A93;A101;2.0;A121;26;A152;1;A173;A201;1
104600250;18;A32;A43;433.0;A61;A71;3.0;A92;A102;4.0;A121;22;A151;1;A173;A201;2
104600251;6;A34;A40;666.0;A64;A74;3.0;A92;A101;4.0;A121;39;A152;2;A172;A201;1
104600252;12;A32;A42;2251.0;A61;A73;1.0;A92;A101;2.0;A123;46;A152;1;A172;A201;1
104600253;30;A32;A40;2150.0;A61;A73;4.0;A92;A103;2.0;A124;24;A152;1;A173;A201;2
104600254;24;A33;A42;4151.0;A62;A73;2.0;A93;A101;3.0;A122;35;A152;2;A173;A201;1
104600255;9;A32;A42;2030.0;A65;A74;2.0;A93;A101;1.0;A123;24;A152;1;A173;A201;1
104600256;60;A33;A43;7418.0;A65;A73;1.0;A93;A101;1.0;A121;27;A152;1;A172;A201;1
104600257;24;A34;A43;2684.0;A61;A73;4.0;A93;A101;2.0;A121;35;A152;2;A172;A201;1
104600258;12;A31;A43;2149.0;A61;A73;4.0;A91;A101;1.0;A124;29;A153;1;A173;A201;2
104600259;15;A32;A41;3812.0;A62;A72;1.0;A92;A101;4.0;A123;23;A152;1;A173;A201;1
104600260;11;A34;A43;1154.0;A62;A71;4.0;A92;A101;4.0;A121;57;A152;3;A172;A201;1
104600261;12;A32;A42;1657.0;A61;A73;2.0;A93;A101;2.0;A121;27;A152;1;A173;A201;1
104600262;24;A32;A43;1603.0;A61;A75;4.0;A92;A101;4.0;A123;55;A152;1;A173;A201;1
104600263;18;A34;A40;5302.0;A61;A75;2.0;A93;A101;4.0;A124;36;A153;3;A174;A201;1
104600264;12;A34;A46;2748.0;A61;A75;2.0;A92;A101;4.0;A124;57;A153;3;A172;A201;1
104600265;10;A34;A40;1231.0;A61;A75;3.0;A93;A101;4.0;A121;32;A152;2;A172;A202;1
104600266;15;A32;A43;802.0;A61;A75;4.0;A93;A101;3.0;A123;37;A152;1;A173;A201;2
104600267;36;A34;A49;6304.0;A65;A75;4.0;A93;A101;4.0;A121;36;A152;2;A173;A201;1
104600268;24;A32;A43;1533.0;A61;A72;4.0;A92;A101;3.0;A123;38;A152;1;A173;A201;1
104600269;14;A32;A40;8978.0;A61;A75;1.0;A91;A101;4.0;A122;45;A152;1;A174;A202;2
104600270;24;A32;A43;999.0;A65;A75;4.0;A93;A101;2.0;A123;25;A152;2;A173;A201;1
104600271;18;A32;A40;2662.0;A65;A74;4.0;A93;A101;3.0;A122;32;A152;1;A173;A202;1
104600272;12;A34;A42;1402.0;A63;A74;3.0;A92;A101;4.0;A123;37;A151;1;A173;A201;1
104600273;48;A31;A40;12169.0;A65;A71;4.0;A93;A102;4.0;A124;36;A153;1;A174;A201;1
104600274;48;A32;A43;3060.0;A61;A74;4.0;A93;A101;4.0;A121;28;A152;2;A173;A201;2
104600275;30;A32;A45;11998.0;A61;A72;1.0;A91;A101;1.0;A124;34;A152;1;A172;A201;2
104600276;9;A32;A43;2697.0;A61;A73;1.0;A93;A101;2.0;A121;32;A152;1;A173;A201;1
104600277;18;A34;A43;2404.0;A61;A73;2.0;A92;A101;2.0;A123;26;A152;2;A173;A201;1
104600278;12;A32;A42;1262.0;A65;A75;2.0;A91;A101;4.0;A122;49;A152;1;A172;A201;1
104600279;6;A32;A42;4611.0;A61;A72;1.0;A92;A101;4.0;A122;32;A152;1;A173;A201;2
104600280;24;A32;A43;1901.0;A62;A73;4.0;A93;A101;4.0;A123;29;A151;1;A174;A201;1
104600281;15;A34;A41;3368.0;A64;A75;3.0;A93;A101;4.0;A124;23;A151;2;A173;A201;1
104600282;12;A32;A42;1574.0;A61;A73;4.0;A93;A101;2.0;A121;50;A152;1;A173;A201;1
104600283;18;A31;A43;1445.0;A65;A74;4.0;A93;A101;4.0;A123;49;A152;1;A172;A201;1
104600284;15;A34;A42;1520.0;A65;A75;4.0;A93;A101;4.0;A122;63;A152;1;A173;A201;1
104600285;24;A34;A40;3878.0;A62;A72;4.0;A91;A101;2.0;A123;37;A152;1;A173;A201;1
104600286;47;A32;A40;10722.0;A61;A72;1.0;A92;A101;1.0;A121;35;A152;1;A172;A201;1
104600287;48;A32;A41;4788.0;A61;A74;4.0;A93;A101;3.0;A122;26;A152;1;A173;A201;1
104600288;48;A33;A410;7582.0;A62;A71;2.0;A93;A101;4.0;A124;31;A153;1;A174;A201;1
104600289;12;A32;A43;1092.0;A61;A73;4.0;A92;A103;4.0;A121;49;A152;2;A173;A201;1
104600290;24;A33;A43;1024.0;A61;A72;4.0;A94;A101;4.0;A121;48;A152;1;A173;A201;2
104600291;12;A32;A49;1076.0;A61;A73;2.0;A94;A101;2.0;A121;26;A152;1;A173;A202;1
104600292;36;A32;A41;9398.0;A61;A72;1.0;A94;A101;4.0;A123;28;A151;1;A174;A201;2
104600293;24;A34;A41;6419.0;A61;A75;2.0;A92;A101;4.0;A124;44;A153;2;A174;A201;1
104600294;42;A34;A41;4796.0;A61;A75;4.0;A93;A101;4.0;A124;56;A153;1;A173;A201;1
104600295;48;A34;A49;7629.0;A65;A75;4.0;A91;A101;2.0;A123;46;A152;2;A174;A201;1
104600296;48;A32;A42;9960.0;A61;A72;1.0;A92;A101;2.0;A123;26;A152;1;A173;A201;2
104600297;12;A32;A41;4675.0;A65;A72;1.0;A92;A101;4.0;A123;20;A151;1;A173;A201;1
104600298;10;A32;A40;1287.0;A65;A75;4.0;A93;A102;2.0;A122;45;A152;1;A172;A202;1
104600299;18;A32;A42;2515.0;A61;A73;3.0;A93;A101;4.0;A121;43;A152;1;A173;A201;1
104600300;21;A34;A42;2745.0;A64;A74;3.0;A93;A101;2.0;A123;32;A152;2;A173;A201;1
104600301;6;A32;A40;672.0;A61;A71;1.0;A92;A101;4.0;A121;54;A152;1;A171;A201;1
104600302;36;A30;A43;3804.0;A61;A73;4.0;A92;A101;1.0;A123;42;A152;1;A173;A201;2
104600303;24;A34;A40;1344.0;A65;A74;4.0;A93;A101;2.0;A121;37;A152;2;A172;A201;2
104600304;10;A34;A40;1038.0;A61;A74;4.0;A93;A102;3.0;A122;49;A152;2;A173;A201;1
104600305;48;A34;A40;10127.0;A63;A73;2.0;A93;A101;2.0;A124;44;A153;1;A173;A201;2
104600306;6;A32;A42;1543.0;A64;A73;4.0;A91;A101;2.0;A121;33;A152;1;A173;A201;1
104600307;30;A32;A41;4811.0;A65;A74;2.0;A92;A101;4.0;A122;24;A151;1;A172;A201;1
104600308;12;A32;A43;727.0;A62;A72;4.0;A94;A101;3.0;A124;33;A152;1;A172;A201;2
104600309;8;A32;A42;1237.0;A61;A73;3.0;A92;A101;4.0;A121;24;A152;1;A173;A201;2
104600310;9;A32;A40;276.0;A61;A73;4.0;A94;A101;4.0;A121;22;A151;1;A172;A201;1
104600311;48;A32;A410;5381.0;A65;A71;3.0;A93;A101;4.0;A124;40;A153;1;A171;A201;1
104600312;24;A32;A42;5511.0;A62;A73;4.0;A93;A101;1.0;A123;25;A152;1;A173;A201;1
104600313;24;A32;A42;3749.0;A61;A72;2.0;A92;A101;4.0;A123;26;A152;1;A173;A201;1
104600314;12;A32;A40;685.0;A61;A74;2.0;A94;A101;3.0;A123;25;A152;1;A172;A201;2
104600315;4;A32;A40;1494.0;A65;A72;1.0;A93;A101;2.0;A121;29;A152;1;A172;A202;1
104600316;36;A31;A42;2746.0;A61;A75;4.0;A93;A101;4.0;A123;31;A152;1;A173;A201;2
104600317;12;A32;A42;708.0;A61;A73;2.0;A93;A103;3.0;A122;38;A152;1;A172;A201;1
104600318;24;A32;A42;4351.0;A65;A73;1.0;A92;A101;4.0;A122;48;A152;1;A172;A201;1
104600319;12;A34;A46;701.0;A61;A73;4.0;A93;A101;2.0;A123;32;A152;2;A173;A201;1
104600320;15;A33;A42;3643.0;A61;A75;1.0;A92;A101;4.0;A122;27;A152;2;A172;A201;1
104600321;30;A34;A40;4249.0;A61;A71;4.0;A94;A101;2.0;A123;28;A152;2;A174;A201;2
104600322;24;A32;A43;1938.0;A61;A72;4.0;A91;A101;3.0;A122;32;A152;1;A173;A201;2
104600323;24;A32;A41;2910.0;A61;A74;2.0;A93;A101;1.0;A124;34;A153;1;A174;A201;1
104600324;18;A32;A42;2659.0;A64;A73;4.0;A93;A101;2.0;A123;28;A152;1;A173;A201;1
104600325;18;A34;A40;1028.0;A61;A73;4.0;A92;A101;3.0;A121;36;A152;2;A173;A201;1
104600326;8;A34;A40;3398.0;A61;A74;1.0;A93;A101;4.0;A121;39;A152;2;A172;A202;1
104600327;12;A34;A42;5801.0;A65;A75;2.0;A93;A101;4.0;A122;49;A151;1;A173;A201;1
104600328;24;A32;A40;1525.0;A64;A74;4.0;A92;A101;3.0;A123;34;A152;1;A173;A201;1
104600329;36;A32;A43;4473.0;A61;A75;4.0;A93;A101;2.0;A123;31;A152;1;A173;A201;1
104600330;6;A32;A43;1068.0;A61;A75;4.0;A93;A101;4.0;A123;28;A152;1;A173;A201;1
104600331;24;A34;A41;6615.0;A61;A71;2.0;A93;A101;4.0;A124;75;A153;2;A174;A201;1
104600332;18;A34;A46;1864.0;A62;A73;4.0;A92;A101;2.0;A121;30;A152;2;A173;A201;2
104600333;60;A32;A40;7408.0;A62;A72;4.0;A92;A101;2.0;A122;24;A152;1;A174;A201;2
104600334;48;A34;A41;11590.0;A62;A73;2.0;A92;A101;4.0;A123;24;A151;2;A172;A201;2
104600335;24;A30;A42;4110.0;A61;A75;3.0;A93;A101;4.0;A124;23;A151;2;A173;A201;2
104600336;6;A34;A42;3384.0;A61;A73;1.0;A91;A101;4.0;A121;44;A151;1;A174;A201;2
104600337;13;A32;A43;2101.0;A61;A72;2.0;A92;A103;4.0;A122;23;A152;1;A172;A201;1
104600338;15;A32;A44;1275.0;A65;A73;4.0;A92;A101;2.0;A123;24;A151;1;A173;A201;2
104600339;24;A32;A42;4169.0;A61;A73;4.0;A93;A101;4.0;A122;28;A152;1;A173;A201;1
104600340;10;A32;A42;1521.0;A61;A73;4.0;A91;A101;2.0;A123;31;A152;1;A172;A201;1
104600341;24;A34;A46;5743.0;A61;A72;2.0;A92;A101;4.0;A124;24;A153;2;A173;A201;1
104600342;21;A32;A42;3599.0;A61;A74;1.0;A92;A101;4.0;A123;26;A151;1;A172;A201;1
104600343;18;A32;A43;3213.0;A63;A72;1.0;A94;A101;3.0;A121;25;A151;1;A173;A201;1
104600344;18;A32;A49;4439.0;A61;A75;1.0;A93;A102;1.0;A121;33;A152;1;A174;A201;1
104600345;10;A32;A40;3949.0;A61;A72;1.0;A93;A103;1.0;A122;37;A152;1;A172;A201;1
104600346;15;A34;A43;1459.0;A61;A73;4.0;A92;A101;2.0;A123;43;A152;1;A172;A201;1
104600347;13;A34;A43;882.0;A61;A72;4.0;A93;A103;4.0;A121;23;A152;2;A173;A201;1
104600348;24;A32;A43;3758.0;A63;A71;1.0;A92;A101;4.0;A124;23;A151;1;A171;A201;1
104600349;6;A33;A49;1743.0;A62;A73;1.0;A93;A101;2.0;A121;34;A152;2;A172;A201;1
104600350;9;A34;A46;1136.0;A64;A75;4.0;A93;A101;3.0;A124;32;A153;2;A173;A201;2
104600351;9;A32;A44;1236.0;A61;A72;1.0;A92;A101;4.0;A121;23;A151;1;A173;A201;1
104600352;9;A32;A42;959.0;A61;A73;1.0;A92;A101;2.0;A123;29;A152;1;A173;A202;2
104600353;18;A34;A41;3229.0;A65;A71;2.0;A93;A101;4.0;A124;38;A152;1;A174;A201;1
104600354;12;A30;A43;6199.0;A61;A73;4.0;A93;A101;2.0;A122;28;A151;2;A173;A201;2
104600355;10;A32;A46;727.0;A63;A75;4.0;A93;A101;4.0;A124;46;A153;1;A173;A201;1
104600356;24;A32;A40;1246.0;A61;A72;4.0;A93;A101;2.0;A121;23;A152;1;A172;A201;2
104600357;12;A34;A43;2331.0;A65;A75;1.0;A93;A102;4.0;A121;49;A152;1;A173;A201;1
104600358;36;A33;A43;4463.0;A61;A73;4.0;A93;A101;2.0;A123;26;A152;2;A174;A201;2
104600359;12;A32;A43;776.0;A61;A73;4.0;A94;A101;2.0;A121;28;A152;1;A173;A201;1
104600360;30;A32;A42;2406.0;A61;A74;4.0;A92;A101;4.0;A121;23;A151;1;A173;A201;2
104600361;18;A32;A46;1239.0;A65;A73;4.0;A93;A101;4.0;A124;61;A153;1;A173;A201;1
104600362;12;A32;A43;3399.0;A65;A75;2.0;A93;A101;3.0;A123;37;A152;1;A174;A201;1
104600363;12;A33;A40;2247.0;A61;A73;2.0;A92;A101;2.0;A123;36;A152;2;A173;A201;1
104600364;6;A32;A42;1766.0;A61;A73;1.0;A94;A101;2.0;A122;21;A151;1;A173;A201;1
104600365;18;A32;A42;2473.0;A61;A71;4.0;A93;A101;1.0;A123;25;A152;1;A171;A201;2
104600366;12;A32;A49;1542.0;A61;A74;2.0;A93;A101;4.0;A123;36;A152;1;A173;A201;1
104600367;18;A34;A41;3850.0;A61;A74;3.0;A93;A101;1.0;A123;27;A152;2;A173;A201;1
104600368;18;A32;A42;3650.0;A61;A72;1.0;A92;A101;4.0;A123;22;A151;1;A173;A201;1
104600369;36;A32;A42;3446.0;A61;A75;4.0;A93;A101;2.0;A123;42;A152;1;A173;A201;2
104600370;18;A32;A42;3001.0;A61;A74;2.0;A92;A101;4.0;A121;40;A151;1;A173;A201;1
104600371;36;A32;A40;3079.0;A65;A73;4.0;A93;A101;4.0;A121;36;A152;1;A173;A201;1
104600372;18;A34;A43;6070.0;A61;A75;3.0;A93;A101;4.0;A123;33;A152;2;A173;A201;1
104600373;10;A34;A42;2146.0;A61;A72;1.0;A92;A101;3.0;A121;23;A151;2;A173;A201;1
104600374;60;A34;A40;13756.0;A65;A75;2.0;A93;A101;4.0;A124;63;A153;1;A174;A201;1
104600375;60;A31;A410;14782.0;A62;A75;3.0;A92;A101;4.0;A124;60;A153;2;A174;A201;2
104600376;48;A31;A49;7685.0;A61;A74;2.0;A92;A103;4.0;A123;37;A151;1;A173;A201;2
104600377;18;A33;A43;2320.0;A61;A71;2.0;A94;A101;3.0;A121;34;A152;2;A173;A201;1
104600378;7;A33;A43;846.0;A65;A75;3.0;A93;A101;4.0;A124;36;A153;1;A173;A201;1
104600379;36;A32;A40;14318.0;A61;A75;4.0;A93;A101;2.0;A124;57;A153;1;A174;A201;2
104600380;6;A34;A40;362.0;A62;A73;4.0;A92;A101;4.0;A123;52;A152;2;A172;A201;1
104600381;20;A32;A42;2212.0;A65;A74;4.0;A93;A101;4.0;A123;39;A152;1;A173;A201;1
104600382;18;A32;A41;12976.0;A61;A71;3.0;A92;A101;4.0;A124;38;A153;1;A174;A201;2
104600383;22;A32;A40;1283.0;A65;A74;4.0;A92;A101;4.0;A122;25;A151;1;A173;A201;1
104600384;12;A32;A40;1330.0;A61;A72;4.0;A93;A101;1.0;A121;26;A152;1;A173;A201;1
104600385;30;A33;A49;4272.0;A62;A73;2.0;A93;A101;2.0;A122;26;A152;2;A172;A201;1
104600386;18;A34;A43;2238.0;A61;A73;2.0;A92;A101;1.0;A123;25;A152;2;A173;A201;1
104600387;18;A32;A43;1126.0;A65;A72;4.0;A92;A101;2.0;A121;21;A151;1;A173;A201;1
104600388;18;A34;A42;7374.0;A61;A71;4.0;A93;A101;4.0;A122;40;A152;2;A174;A201;1
104600389;15;A34;A49;2326.0;A63;A73;2.0;A93;A101;4.0;A123;27;A152;1;A173;A201;1
104600390;9;A32;A49;1449.0;A61;A74;3.0;A92;A101;2.0;A123;27;A152;2;A173;A201;1
104600391;18;A32;A40;1820.0;A61;A73;2.0;A94;A101;2.0;A122;30;A152;1;A174;A201;1
104600392;12;A32;A42;983.0;A64;A72;1.0;A92;A101;4.0;A121;19;A151;1;A172;A201;1
104600393;36;A32;A40;3249.0;A61;A74;2.0;A93;A101;4.0;A124;39;A153;1;A174;A201;1
104600394;6;A34;A43;1957.0;A61;A74;1.0;A92;A101;4.0;A123;31;A152;1;A173;A201;1
104600395;9;A34;A42;2406.0;A61;A71;2.0;A93;A101;3.0;A123;31;A152;1;A174;A201;1
104600396;39;A33;A46;11760.0;A62;A74;2.0;A93;A101;3.0;A124;32;A151;1;A173;A201;1
104600397;12;A32;A42;2578.0;A61;A71;3.0;A92;A101;4.0;A124;55;A153;1;A174;A201;1
104600398;36;A34;A42;2348.0;A61;A73;3.0;A94;A101;2.0;A122;46;A152;2;A173;A201;1
104600399;12;A32;A40;1223.0;A61;A75;1.0;A91;A101;1.0;A121;46;A151;2;A173;A201;2
104600400;24;A34;A43;1516.0;A64;A73;4.0;A92;A101;1.0;A121;43;A152;2;A172;A201;1
104600401;18;A32;A43;1473.0;A61;A72;3.0;A94;A101;4.0;A121;39;A152;1;A173;A201;1
104600402;18;A34;A49;1887.0;A65;A73;4.0;A94;A101;4.0;A121;28;A152;2;A173;A201;1
104600403;24;A33;A49;8648.0;A61;A72;2.0;A93;A101;2.0;A123;27;A152;2;A173;A201;2
104600404;14;A33;A40;802.0;A61;A73;4.0;A93;A101;2.0;A123;27;A152;2;A172;A201;1
104600405;18;A33;A40;2899.0;A65;A75;4.0;A93;A101;4.0;A123;43;A152;1;A173;A201;1
104600406;24;A32;A43;2039.0;A61;A72;1.0;A94;A101;1.0;A122;22;A152;1;A173;A201;2
104600407;24;A34;A41;2197.0;A65;A74;4.0;A93;A101;4.0;A123;43;A152;2;A173;A201;1
104600408;15;A32;A43;1053.0;A61;A72;4.0;A94;A101;2.0;A121;27;A152;1;A173;A202;1
104600409;24;A32;A43;3235.0;A63;A75;3.0;A91;A101;2.0;A123;26;A152;1;A174;A201;1
104600410;12;A34;A40;939.0;A63;A74;4.0;A94;A101;2.0;A121;28;A152;3;A173;A201;2
104600411;24;A32;A43;1967.0;A61;A75;4.0;A92;A101;4.0;A123;20;A152;1;A173;A201;1
104600412;33;A34;A41;7253.0;A61;A74;3.0;A93;A101;2.0;A123;35;A152;2;A174;A201;1
104600413;12;A34;A49;2292.0;A61;A71;4.0;A93;A101;2.0;A123;42;A152;2;A174;A201;2
104600414;10;A32;A40;1597.0;A63;A73;3.0;A93;A101;2.0;A124;40;A151;1;A172;A202;1
104600415;24;A32;A40;1381.0;A65;A73;4.0;A92;A101;2.0;A122;35;A152;1;A173;A201;2
104600416;36;A34;A41;5842.0;A61;A75;2.0;A93;A101;2.0;A122;35;A152;2;A173;A201;1
104600417;12;A32;A40;2579.0;A61;A72;4.0;A93;A101;1.0;A121;33;A152;1;A172;A201;2
104600418;18;A33;A46;8471.0;A65;A73;1.0;A92;A101;2.0;A123;23;A151;2;A173;A201;1
104600419;21;A32;A40;2782.0;A63;A74;1.0;A92;A101;2.0;A123;31;A152;1;A174;A201;1
104600420;18;A32;A40;1042.0;A65;A73;4.0;A92;A101;2.0;A122;33;A152;1;A173;A201;2
104600421;15;A32;A40;3186.0;A64;A74;2.0;A92;A101;3.0;A123;20;A151;1;A173;A201;1
104600422;12;A32;A41;2028.0;A65;A73;4.0;A93;A101;2.0;A123;30;A152;1;A173;A201;1
104600423;12;A34;A40;958.0;A61;A74;2.0;A93;A101;3.0;A121;47;A152;2;A172;A201;1
104600424;21;A33;A42;1591.0;A62;A74;4.0;A93;A101;3.0;A121;34;A152;2;A174;A201;1
104600425;12;A32;A42;2762.0;A65;A75;1.0;A92;A101;2.0;A122;25;A152;1;A173;A201;2
104600426;18;A32;A41;2779.0;A61;A73;1.0;A94;A101;3.0;A123;21;A151;1;A173;A201;1
104600427;28;A34;A43;2743.0;A61;A75;4.0;A93;A101;2.0;A123;29;A152;2;A173;A201;1
104600428;18;A34;A43;1149.0;A64;A73;4.0;A93;A101;3.0;A121;46;A152;2;A173;A201;1
104600429;9;A32;A42;1313.0;A61;A75;1.0;A93;A101;4.0;A123;20;A152;1;A173;A201;1
104600430;18;A34;A45;1190.0;A61;A71;2.0;A92;A101;4.0;A124;55;A153;3;A171;A201;2
104600431;5;A32;A49;3448.0;A61;A74;1.0;A93;A101;4.0;A121;74;A152;1;A172;A201;1
104600432;24;A32;A410;11328.0;A61;A73;2.0;A93;A102;3.0;A123;29;A152;2;A174;A201;2
104600433;6;A34;A42;1872.0;A61;A71;4.0;A93;A101;4.0;A124;36;A153;3;A174;A201;1
104600434;24;A34;A45;2058.0;A61;A73;4.0;A91;A101;2.0;A121;33;A152;2;A173;A201;1
104600435;9;A32;A42;2136.0;A61;A73;3.0;A93;A101;2.0;A121;25;A152;1;A173;A201;1
104600436;12;A32;A43;1484.0;A65;A73;2.0;A94;A101;1.0;A121;25;A152;1;A173;A201;2
104600437;6;A32;A45;660.0;A63;A74;2.0;A94;A101;4.0;A121;23;A151;1;A172;A201;1
104600438;24;A34;A40;1287.0;A64;A75;4.0;A92;A101;4.0;A121;37;A152;2;A173;A201;1
104600439;42;A34;A45;3394.0;A61;A71;4.0;A93;A102;4.0;A123;65;A152;2;A171;A201;1
104600440;12;A31;A49;609.0;A61;A72;4.0;A92;A101;1.0;A121;26;A152;1;A171;A201;2
104600441;12;A32;A40;1884.0;A61;A75;4.0;A93;A101;4.0;A123;39;A152;1;A174;A201;1
104600442;12;A32;A42;1620.0;A61;A73;2.0;A92;A102;3.0;A122;30;A152;1;A173;A201;1
104600443;20;A33;A410;2629.0;A61;A73;2.0;A93;A101;3.0;A123;29;A152;2;A173;A201;1
104600444;12;A32;A46;719.0;A61;A75;4.0;A93;A101;4.0;A123;41;A152;1;A172;A201;2
104600445;48;A34;A42;5096.0;A61;A73;2.0;A92;A101;3.0;A123;30;A152;1;A174;A201;2
104600446;9;A34;A46;1244.0;A65;A75;4.0;A92;A101;4.0;A122;41;A151;2;A172;A201;1
104600447;36;A32;A40;1842.0;A61;A72;4.0;A92;A101;4.0;A123;34;A152;1;A173;A201;2
104600448;7;A32;A43;2576.0;A61;A73;2.0;A93;A103;2.0;A121;35;A152;1;A173;A201;1
104600449;12;A32;A42;1424.0;A65;A75;3.0;A92;A101;4.0;A121;55;A152;1;A174;A201;1
104600450;15;A33;A45;1512.0;A64;A73;3.0;A94;A101;3.0;A122;61;A152;2;A173;A201;2
104600451;36;A34;A41;11054.0;A65;A73;4.0;A93;A101;2.0;A123;30;A152;1;A174;A201;1
104600452;6;A32;A43;518.0;A61;A73;3.0;A92;A101;1.0;A121;29;A152;1;A173;A201;1
104600453;12;A30;A42;2759.0;A61;A75;2.0;A93;A101;4.0;A122;34;A152;2;A173;A201;1
104600454;24;A32;A41;2670.0;A61;A75;4.0;A93;A101;4.0;A123;35;A152;1;A174;A201;1
104600455;24;A32;A40;4817.0;A61;A74;2.0;A93;A102;3.0;A122;31;A152;1;A173;A201;2
104600456;24;A32;A41;2679.0;A61;A72;4.0;A92;A101;1.0;A124;29;A152;1;A174;A201;1
104600457;11;A34;A40;3905.0;A61;A73;2.0;A93;A101;2.0;A121;36;A151;2;A173;A201;1
104600458;12;A32;A41;3386.0;A61;A75;3.0;A93;A101;4.0;A124;35;A153;1;A173;A201;2
104600459;6;A32;A44;343.0;A61;A72;4.0;A92;A101;1.0;A121;27;A152;1;A173;A201;1
104600460;18;A32;A43;4594.0;A61;A72;3.0;A93;A101;2.0;A123;32;A152;1;A173;A201;1
104600461;36;A32;A42;3620.0;A61;A73;1.0;A93;A103;2.0;A122;37;A152;1;A173;A201;1
104600462;15;A32;A40;1721.0;A61;A72;2.0;A93;A101;3.0;A121;36;A152;1;A173;A201;1
104600463;12;A32;A42;3017.0;A61;A72;3.0;A92;A101;1.0;A121;34;A151;1;A174;A201;1
104600464;12;A32;A48;754.0;A65;A75;4.0;A93;A101;4.0;A122;38;A152;2;A173;A201;1
104600465;18;A32;A49;1950.0;A61;A74;4.0;A93;A101;1.0;A123;34;A152;2;A173;A201;1
104600466;24;A32;A41;2924.0;A61;A73;3.0;A93;A103;4.0;A124;63;A152;1;A173;A201;1
104600467;24;A33;A43;1659.0;A61;A72;4.0;A92;A101;2.0;A123;29;A151;1;A172;A201;2
104600468;48;A33;A43;7238.0;A65;A75;3.0;A93;A101;3.0;A123;32;A152;2;A173;A201;1
104600469;33;A33;A49;2764.0;A61;A73;2.0;A92;A101;2.0;A123;26;A152;2;A173;A201;1
104600470;24;A33;A41;4679.0;A61;A74;3.0;A93;A101;3.0;A123;35;A152;2;A172;A201;1
104600471;24;A32;A43;3092.0;A62;A72;3.0;A94;A101;2.0;A123;22;A151;1;A173;A201;2
104600472;6;A32;A46;448.0;A61;A72;4.0;A92;A101;4.0;A122;23;A152;1;A173;A201;2
104600473;9;A32;A40;654.0;A61;A73;4.0;A93;A101;3.0;A123;28;A152;1;A172;A201;2
104600474;6;A32;A48;1238.0;A65;A71;4.0;A93;A101;4.0;A122;36;A152;1;A174;A201;1
104600475;18;A34;A43;1245.0;A61;A73;4.0;A94;A101;2.0;A123;33;A152;1;A173;A201;2
104600476;18;A30;A42;3114.0;A61;A72;1.0;A92;A101;4.0;A122;26;A151;1;A173;A201;2
104600477;39;A32;A41;2569.0;A63;A73;4.0;A93;A101;4.0;A123;24;A152;1;A173;A201;1
104600478;24;A32;A43;5152.0;A61;A74;4.0;A93;A101;2.0;A123;25;A152;1;A173;A201;1
104600479;12;A32;A49;1037.0;A62;A74;3.0;A93;A101;4.0;A121;39;A152;1;A172;A201;1
104600480;15;A34;A42;1478.0;A61;A75;4.0;A93;A101;4.0;A123;44;A152;2;A173;A201;1
104600481;12;A34;A43;3573.0;A61;A73;1.0;A92;A101;1.0;A121;23;A152;1;A172;A201;1
104600482;24;A32;A40;1201.0;A61;A72;4.0;A93;A101;1.0;A122;26;A152;1;A173;A201;1
104600483;30;A32;A42;3622.0;A64;A75;4.0;A92;A101;4.0;A122;57;A151;2;A173;A201;1
104600484;15;A33;A42;960.0;A64;A74;3.0;A92;A101;2.0;A122;30;A152;2;A173;A201;1
104600485;12;A34;A40;1163.0;A63;A73;4.0;A93;A101;4.0;A121;44;A152;1;A173;A201;1
104600486;6;A33;A40;1209.0;A61;A71;4.0;A93;A101;4.0;A122;47;A152;1;A174;A201;2
104600487;12;A32;A43;3077.0;A61;A73;2.0;A93;A101;4.0;A123;52;A152;1;A173;A201;1
104600488;24;A32;A40;3757.0;A61;A75;4.0;A92;A102;4.0;A124;62;A153;1;A173;A201;1
104600489;10;A32;A40;1418.0;A62;A73;3.0;A93;A101;2.0;A121;35;A151;1;A172;A202;1
104600490;6;A32;A40;3518.0;A61;A73;2.0;A93;A103;3.0;A122;26;A151;1;A173;A201;1
104600491;12;A34;A43;1934.0;A61;A75;2.0;A93;A101;2.0;A124;26;A152;2;A173;A201;1
104600492;27;A30;A49;8318.0;A61;A75;2.0;A92;A101;4.0;A124;42;A153;2;A174;A201;2
104600493;6;A34;A43;1237.0;A62;A73;1.0;A92;A101;1.0;A122;27;A152;2;A173;A201;1
104600494;6;A32;A43;368.0;A65;A75;4.0;A93;A101;4.0;A122;38;A152;1;A173;A201;1
104600495;12;A34;A40;2122.0;A61;A73;3.0;A93;A101;2.0;A121;39;A151;2;A172;A202;1
104600496;24;A32;A42;2996.0;A65;A73;2.0;A94;A101;4.0;A123;20;A152;1;A173;A201;2
104600497;36;A32;A42;9034.0;A62;A72;4.0;A93;A102;1.0;A124;29;A151;1;A174;A201;2
104600498;24;A34;A42;1585.0;A61;A74;4.0;A93;A101;3.0;A122;40;A152;2;A173;A201;1
104600499;18;A32;A43;1301.0;A61;A75;4.0;A94;A103;2.0;A121;32;A152;1;A172;A201;1
104600500;6;A34;A40;1323.0;A62;A75;2.0;A91;A101;4.0;A123;28;A152;2;A173;A201;1
104600501;24;A32;A40;3123.0;A61;A72;4.0;A92;A101;1.0;A122;27;A152;1;A173;A201;2
104600502;36;A32;A41;5493.0;A61;A75;2.0;A93;A101;4.0;A124;42;A153;1;A173;A201;1
104600503;9;A32;A43;1126.0;A62;A75;2.0;A91;A101;4.0;A121;49;A152;1;A173;A201;1
104600504;24;A34;A43;1216.0;A62;A72;4.0;A93;A101;4.0;A124;38;A152;2;A173;A201;2
104600505;24;A32;A40;1207.0;A61;A72;4.0;A92;A101;4.0;A122;24;A151;1;A173;A201;2
104600506;10;A32;A40;1309.0;A65;A73;4.0;A93;A103;4.0;A122;27;A152;1;A172;A201;2
104600507;15;A34;A41;2360.0;A63;A73;2.0;A93;A101;2.0;A123;36;A152;1;A173;A201;1
104600508;15;A31;A40;6850.0;A62;A71;1.0;A93;A101;2.0;A122;34;A152;1;A174;A201;2
104600509;24;A32;A43;1413.0;A61;A73;4.0;A94;A101;2.0;A122;28;A152;1;A173;A201;1
104600510;39;A32;A41;8588.0;A62;A75;4.0;A93;A101;2.0;A123;45;A152;1;A174;A201;1
104600511;12;A32;A40;759.0;A61;A74;4.0;A93;A101;2.0;A121;26;A152;1;A173;A201;2
104600512;36;A32;A41;4686.0;A61;A73;2.0;A93;A101;2.0;A124;32;A153;1;A174;A201;1
104600513;15;A32;A49;2687.0;A61;A74;2.0;A93;A101;4.0;A122;26;A151;1;A173;A201;1
104600514;12;A33;A43;585.0;A61;A73;4.0;A94;A102;4.0;A121;20;A151;2;A173;A201;1
104600515;24;A32;A40;2255.0;A65;A72;4.0;A93;A101;1.0;A122;54;A152;1;A173;A201;1
104600516;6;A34;A40;609.0;A61;A74;4.0;A92;A101;3.0;A122;37;A152;2;A173;A202;1
104600517;6;A34;A40;1361.0;A61;A72;2.0;A93;A101;4.0;A121;40;A152;1;A172;A202;1
104600518;36;A34;A42;7127.0;A61;A72;2.0;A92;A101;4.0;A122;23;A151;2;A173;A201;2
104600519;6;A32;A40;1203.0;A62;A75;3.0;A93;A101;2.0;A122;43;A152;1;A173;A201;1
104600520;6;A34;A43;700.0;A65;A75;4.0;A93;A101;4.0;A124;36;A153;2;A173;A201;1
104600521;24;A34;A45;5507.0;A61;A75;3.0;A93;A101;4.0;A124;44;A153;2;A173;A201;1
104600522;18;A32;A43;3190.0;A61;A73;2.0;A92;A101;2.0;A121;24;A152;1;A173;A201;2
104600523;48;A30;A42;7119.0;A61;A73;3.0;A93;A101;4.0;A124;53;A153;2;A173;A201;2
104600524;24;A32;A41;3488.0;A62;A74;3.0;A92;A101;4.0;A123;23;A152;1;A173;A201;1
104600525;18;A32;A43;1113.0;A61;A73;4.0;A92;A103;4.0;A121;26;A152;1;A172;A201;1
104600526;26;A32;A41;7966.0;A61;A72;2.0;A93;A101;3.0;A123;30;A152;2;A173;A201;1
104600527;15;A34;A46;1532.0;A62;A73;4.0;A92;A101;3.0;A123;31;A152;1;A173;A201;1
104600528;4;A34;A43;1503.0;A61;A74;2.0;A93;A101;1.0;A121;42;A152;2;A172;A201;1
104600529;36;A32;A43;2302.0;A61;A73;4.0;A91;A101;4.0;A123;31;A151;1;A173;A201;2
104600530;6;A32;A40;662.0;A61;A72;3.0;A93;A101;4.0;A121;41;A152;1;A172;A201;1
104600531;36;A32;A46;2273.0;A61;A74;3.0;A93;A101;1.0;A123;32;A152;2;A173;A201;1
104600532;15;A32;A40;2631.0;A62;A73;2.0;A92;A101;4.0;A123;28;A151;2;A173;A201;2
104600533;12;A33;A41;1503.0;A61;A73;4.0;A94;A101;4.0;A121;41;A151;1;A173;A201;1
104600534;24;A32;A43;1311.0;A62;A74;4.0;A94;A101;3.0;A122;26;A152;1;A173;A201;1
104600535;24;A32;A43;3105.0;A65;A72;4.0;A93;A101;2.0;A123;25;A152;2;A173;A201;1
104600536;21;A34;A46;2319.0;A61;A72;2.0;A91;A101;1.0;A123;33;A151;1;A173;A201;2
104600537;6;A32;A40;1374.0;A65;A71;4.0;A92;A101;3.0;A122;75;A152;1;A174;A201;1
104600538;18;A34;A42;3612.0;A61;A75;3.0;A92;A101;4.0;A122;37;A152;1;A173;A201;1
104600539;48;A32;A40;7763.0;A61;A75;4.0;A93;A101;4.0;A124;42;A153;1;A174;A201;2
104600540;18;A32;A42;3049.0;A61;A72;1.0;A92;A101;1.0;A122;45;A152;1;A172;A201;1
104600541;12;A32;A43;1534.0;A61;A72;1.0;A94;A101;1.0;A121;23;A151;1;A173;A201;2
104600542;24;A33;A40;2032.0;A61;A75;4.0;A93;A101;4.0;A124;60;A153;2;A173;A201;1
104600543;30;A32;A42;6350.0;A65;A75;4.0;A93;A101;4.0;A122;31;A152;1;A173;A201;2
104600544;18;A32;A42;2864.0;A61;A73;2.0;A93;A101;1.0;A121;34;A152;1;A172;A201;2
104600545;12;A34;A40;1255.0;A61;A75;4.0;A93;A101;4.0;A121;61;A152;2;A172;A201;1
104600546;24;A33;A40;1333.0;A61;A71;4.0;A93;A101;2.0;A121;43;A153;2;A173;A201;2
104600547;24;A34;A40;2022.0;A61;A73;4.0;A92;A101;4.0;A123;37;A152;1;A173;A201;1
104600548;24;A32;A43;1552.0;A61;A74;3.0;A93;A101;1.0;A123;32;A152;1;A173;A201;1
104600549;12;A31;A43;626.0;A61;A73;4.0;A92;A101;4.0;A121;24;A152;1;A172;A201;2
104600550;48;A34;A41;8858.0;A65;A74;2.0;A93;A101;1.0;A124;35;A153;2;A173;A201;1
104600551;12;A34;A45;996.0;A65;A74;4.0;A92;A101;4.0;A121;23;A152;2;A173;A201;1
104600552;6;A31;A43;1750.0;A63;A75;2.0;A93;A101;4.0;A122;45;A152;1;A172;A201;1
104600553;48;A32;A43;6999.0;A61;A74;1.0;A94;A103;1.0;A121;34;A152;2;A173;A201;2
104600554;12;A34;A40;1995.0;A62;A72;4.0;A93;A101;1.0;A123;27;A152;1;A173;A201;1
104600555;9;A32;A46;1199.0;A61;A74;4.0;A92;A101;4.0;A122;67;A152;2;A174;A201;1
104600556;12;A32;A43;1331.0;A61;A72;2.0;A93;A101;1.0;A123;22;A152;1;A173;A201;2
104600557;18;A30;A40;2278.0;A62;A72;3.0;A92;A101;3.0;A123;28;A152;2;A173;A201;2
104600558;21;A30;A40;5003.0;A65;A73;1.0;A92;A101;4.0;A122;29;A152;2;A173;A201;2
104600559;24;A31;A42;3552.0;A61;A74;3.0;A93;A101;4.0;A123;27;A152;1;A173;A201;2
104600560;18;A34;A42;1928.0;A61;A72;2.0;A93;A101;2.0;A121;31;A152;2;A172;A201;2
104600561;24;A32;A41;2964.0;A65;A75;4.0;A93;A101;4.0;A124;49;A153;1;A173;A201;1
104600562;24;A31;A43;1546.0;A61;A74;4.0;A93;A103;4.0;A123;24;A151;1;A172;A201;2
104600563;6;A33;A43;683.0;A61;A72;2.0;A92;A101;1.0;A122;29;A152;1;A173;A201;1
104600564;36;A32;A40;12389.0;A65;A73;1.0;A93;A101;4.0;A124;37;A153;1;A173;A201;2
104600565;24;A33;A49;4712.0;A65;A73;4.0;A93;A101;2.0;A122;37;A152;2;A174;A201;1
104600566;24;A33;A43;1553.0;A62;A74;3.0;A92;A101;2.0;A122;23;A151;2;A173;A201;1
104600567;12;A32;A40;1372.0;A61;A74;2.0;A91;A101;3.0;A123;36;A152;1;A173;A201;2
104600568;24;A34;A43;2578.0;A64;A75;2.0;A93;A101;2.0;A123;34;A152;1;A173;A201;1
104600569;48;A32;A43;3979.0;A65;A74;4.0;A93;A101;1.0;A123;41;A152;2;A173;A201;1
104600570;48;A32;A43;6758.0;A61;A73;3.0;A92;A101;2.0;A123;31;A152;1;A173;A201;2
104600571;24;A32;A42;3234.0;A61;A72;4.0;A92;A101;4.0;A121;23;A151;1;A172;A201;2
104600572;30;A34;A43;5954.0;A61;A74;3.0;A93;A102;2.0;A123;38;A152;1;A173;A201;1
104600573;24;A32;A41;5433.0;A65;A71;2.0;A92;A101;4.0;A122;26;A151;1;A174;A201;1
104600574;15;A32;A49;806.0;A61;A73;4.0;A92;A101;4.0;A122;22;A152;1;A172;A201;1
104600575;9;A32;A43;1082.0;A61;A75;4.0;A93;A101;4.0;A123;27;A152;2;A172;A201;1
104600576;15;A34;A42;2788.0;A61;A74;2.0;A92;A102;3.0;A123;24;A152;2;A173;A201;1
104600577;12;A32;A43;2930.0;A61;A74;2.0;A92;A101;1.0;A121;27;A152;1;A173;A201;1
104600578;24;A34;A46;1927.0;A65;A73;3.0;A92;A101;2.0;A123;33;A152;2;A173;A201;1
104600579;36;A34;A40;2820.0;A61;A72;4.0;A91;A101;4.0;A123;27;A152;2;A173;A201;2
104600580;24;A32;A48;937.0;A61;A72;4.0;A94;A101;3.0;A123;27;A152;2;A172;A201;1
104600581;18;A34;A40;1056.0;A61;A75;3.0;A93;A103;3.0;A121;30;A152;2;A173;A201;2
104600582;12;A34;A40;3124.0;A61;A72;1.0;A93;A101;3.0;A121;49;A152;2;A172;A201;1
104600583;9;A32;A42;1388.0;A61;A73;4.0;A92;A101;2.0;A121;26;A151;1;A173;A201;1
104600584;36;A32;A45;2384.0;A61;A72;4.0;A93;A101;1.0;A124;33;A151;1;A172;A201;2
104600585;12;A32;A40;2133.0;A65;A75;4.0;A92;A101;4.0;A124;52;A153;1;A174;A201;1
104600586;18;A32;A42;2039.0;A61;A73;1.0;A92;A101;4.0;A121;20;A151;1;A173;A201;2
104600587;9;A34;A40;2799.0;A61;A73;2.0;A93;A101;2.0;A121;36;A151;2;A173;A201;1
104600588;12;A32;A42;1289.0;A61;A73;4.0;A93;A103;1.0;A122;21;A152;1;A172;A201;1
104600589;18;A32;A44;1217.0;A61;A73;4.0;A94;A101;3.0;A121;47;A152;1;A172;A201;2
104600590;12;A34;A42;2246.0;A61;A75;3.0;A93;A101;3.0;A122;60;A152;2;A173;A201;2
104600591;12;A34;A43;385.0;A61;A74;4.0;A92;A101;3.0;A121;58;A152;4;A172;A201;1
104600592;24;A33;A40;1965.0;A65;A73;4.0;A92;A101;4.0;A123;42;A151;2;A173;A201;1
104600593;21;A32;A49;1572.0;A64;A75;4.0;A92;A101;4.0;A121;36;A152;1;A172;A201;1
104600594;24;A32;A40;2718.0;A61;A73;3.0;A92;A101;4.0;A122;20;A151;1;A172;A201;2
104600595;24;A31;A410;1358.0;A65;A75;4.0;A93;A101;3.0;A123;40;A152;1;A174;A201;2
104600596;6;A31;A40;931.0;A62;A72;1.0;A92;A101;1.0;A122;32;A152;1;A172;A201;2
104600597;24;A32;A40;1442.0;A61;A74;4.0;A92;A101;4.0;A123;23;A151;2;A173;A201;2
104600598;24;A30;A49;4241.0;A61;A73;1.0;A93;A101;4.0;A121;36;A152;3;A172;A201;2
104600599;18;A34;A40;2775.0;A61;A74;2.0;A93;A101;2.0;A122;31;A152;2;A173;A201;2
104600600;24;A33;A49;3863.0;A61;A73;1.0;A93;A101;2.0;A124;32;A153;1;A173;A201;1
104600601;7;A32;A43;2329.0;A61;A72;1.0;A92;A103;1.0;A121;45;A152;1;A173;A201;1
104600602;9;A32;A42;918.0;A61;A73;4.0;A92;A101;1.0;A122;30;A152;1;A173;A201;2
104600603;24;A31;A46;1837.0;A61;A74;4.0;A92;A101;4.0;A124;34;A153;1;A172;A201;2
104600604;36;A32;A42;3349.0;A61;A73;4.0;A92;A101;2.0;A123;28;A152;1;A174;A201;2
104600605;10;A32;A42;1275.0;A61;A72;4.0;A92;A101;2.0;A122;23;A152;1;A173;A201;1
104600606;24;A31;A42;2828.0;A63;A73;4.0;A93;A101;4.0;A121;22;A152;1;A173;A201;1
104600607;24;A34;A49;4526.0;A61;A73;3.0;A93;A101;2.0;A121;74;A152;1;A174;A201;1
104600608;36;A32;A43;2671.0;A62;A73;4.0;A92;A102;4.0;A124;50;A153;1;A173;A201;2
104600609;18;A32;A43;2051.0;A61;A72;4.0;A93;A101;1.0;A121;33;A152;1;A173;A201;1
104600610;15;A32;A41;1300.0;A65;A75;4.0;A93;A101;4.0;A124;45;A153;1;A173;A201;1
104600611;12;A32;A44;741.0;A62;A71;4.0;A92;A101;3.0;A122;22;A152;1;A173;A201;2
104600612;10;A32;A40;1240.0;A62;A75;1.0;A92;A101;4.0;A124;48;A153;1;A172;A201;2
104600613;21;A32;A43;3357.0;A64;A72;4.0;A92;A101;2.0;A123;29;A152;1;A173;A201;1
104600614;24;A31;A41;3632.0;A61;A73;1.0;A92;A103;4.0;A123;22;A151;1;A173;A202;1
104600615;18;A33;A42;1808.0;A61;A74;4.0;A92;A101;1.0;A121;22;A152;1;A173;A201;2
104600616;48;A30;A49;12204.0;A65;A73;2.0;A93;A101;2.0;A123;48;A152;1;A174;A201;1
104600617;60;A33;A43;9157.0;A65;A73;2.0;A93;A101;2.0;A124;27;A153;1;A174;A201;1
104600618;6;A34;A40;3676.0;A61;A73;1.0;A93;A101;3.0;A121;37;A151;3;A173;A201;1
104600619;30;A32;A42;3441.0;A62;A73;2.0;A92;A102;4.0;A123;21;A151;1;A173;A201;2
104600620;12;A32;A40;640.0;A61;A73;4.0;A91;A101;2.0;A121;49;A152;1;A172;A201;1
104600621;21;A34;A49;3652.0;A61;A74;2.0;A93;A101;3.0;A122;27;A152;2;A173;A201;1
104600622;18;A34;A40;1530.0;A61;A73;3.0;A93;A101;2.0;A122;32;A152;2;A173;A201;2
104600623;48;A32;A49;3914.0;A65;A73;4.0;A91;A101;2.0;A121;38;A152;1;A173;A201;2
104600624;12;A32;A42;1858.0;A61;A72;4.0;A92;A101;1.0;A123;22;A151;1;A173;A201;1
104600625;18;A32;A43;2600.0;A61;A73;4.0;A93;A101;4.0;A124;65;A153;2;A173;A201;2
104600626;15;A32;A43;1979.0;A65;A75;4.0;A93;A101;2.0;A123;35;A152;1;A173;A201;1
104600627;6;A32;A42;2116.0;A61;A73;2.0;A93;A101;2.0;A121;41;A152;1;A173;A201;1
104600628;9;A31;A40;1437.0;A62;A74;2.0;A93;A101;3.0;A124;29;A152;1;A173;A201;2
104600629;42;A34;A42;4042.0;A63;A73;4.0;A93;A101;4.0;A121;36;A152;2;A173;A201;1
104600630;9;A32;A46;3832.0;A65;A75;1.0;A93;A101;4.0;A121;64;A152;1;A172;A201;1
104600631;24;A32;A43;3660.0;A61;A73;2.0;A92;A101;4.0;A123;28;A152;1;A173;A201;1
104600632;18;A31;A42;1553.0;A61;A73;4.0;A93;A101;3.0;A123;44;A152;1;A173;A201;2
104600633;15;A32;A43;1444.0;A65;A72;4.0;A93;A101;1.0;A122;23;A152;1;A173;A201;1
104600634;9;A32;A42;1980.0;A61;A72;2.0;A92;A102;2.0;A123;19;A151;2;A173;A201;2
104600635;24;A32;A40;1355.0;A61;A72;3.0;A92;A101;4.0;A123;25;A152;1;A172;A201;2
104600636;12;A32;A46;1393.0;A61;A75;4.0;A93;A101;4.0;A122;47;A152;3;A173;A201;1
104600637;24;A32;A43;1376.0;A63;A74;4.0;A92;A101;1.0;A123;28;A152;1;A173;A201;1
104600638;60;A33;A43;15653.0;A61;A74;2.0;A93;A101;4.0;A123;21;A152;2;A173;A201;1
104600639;12;A32;A43;1493.0;A61;A72;4.0;A92;A101;3.0;A123;34;A152;1;A173;A201;1
104600640;42;A33;A43;4370.0;A61;A74;3.0;A93;A101;2.0;A122;26;A152;2;A173;A201;2
104600641;18;A32;A46;750.0;A61;A71;4.0;A92;A101;1.0;A121;27;A152;1;A171;A201;2
104600642;15;A32;A45;1308.0;A61;A75;4.0;A93;A101;4.0;A123;38;A152;2;A172;A201;1
104600643;15;A32;A46;4623.0;A62;A73;3.0;A93;A101;2.0;A122;40;A152;1;A174;A201;2
104600644;24;A34;A43;1851.0;A61;A74;4.0;A94;A103;2.0;A123;33;A152;2;A173;A201;1
104600645;18;A34;A43;1880.0;A61;A74;4.0;A94;A101;1.0;A122;32;A152;2;A174;A201;1
104600646;36;A33;A49;7980.0;A65;A72;4.0;A93;A101;4.0;A123;27;A151;2;A173;A201;2
104600647;30;A30;A42;4583.0;A61;A73;2.0;A91;A103;2.0;A121;32;A152;2;A173;A201;1
104600648;12;A32;A40;1386.0;A63;A73;2.0;A92;A101;2.0;A122;26;A152;1;A173;A201;2
104600649;24;A32;A40;947.0;A61;A74;4.0;A93;A101;3.0;A124;38;A153;1;A173;A201;2
104600650;12;A32;A46;684.0;A61;A73;4.0;A93;A101;4.0;A123;40;A151;1;A172;A201;2
104600651;48;A32;A46;7476.0;A61;A74;4.0;A93;A101;1.0;A124;50;A153;1;A174;A201;1
104600652;12;A32;A42;1922.0;A61;A73;4.0;A93;A101;2.0;A122;37;A152;1;A172;A201;2
104600653;24;A32;A40;2303.0;A61;A75;4.0;A93;A102;1.0;A121;45;A152;1;A173;A201;2
104600654;36;A33;A40;8086.0;A62;A75;2.0;A93;A101;4.0;A123;42;A152;4;A174;A201;2
104600655;24;A34;A41;2346.0;A61;A74;4.0;A93;A101;3.0;A123;35;A152;2;A173;A201;1
104600656;14;A32;A40;3973.0;A61;A71;1.0;A93;A101;4.0;A124;22;A153;1;A173;A201;1
104600657;12;A32;A40;888.0;A61;A75;4.0;A93;A101;4.0;A123;41;A152;1;A172;A201;2
104600658;48;A32;A43;10222.0;A65;A74;4.0;A93;A101;3.0;A123;37;A152;1;A173;A201;1
104600659;30;A30;A49;4221.0;A61;A73;2.0;A92;A101;1.0;A123;28;A152;2;A173;A201;1
104600660;18;A34;A42;6361.0;A61;A75;2.0;A93;A101;1.0;A124;41;A152;1;A173;A201;1
104600661;12;A32;A43;1297.0;A61;A73;3.0;A94;A101;4.0;A121;23;A151;1;A173;A201;1
104600662;12;A32;A40;900.0;A65;A73;4.0;A94;A101;2.0;A123;23;A152;1;A173;A201;2
104600663;21;A32;A42;2241.0;A61;A75;4.0;A93;A101;2.0;A121;50;A152;2;A173;A201;1
104600664;6;A33;A42;1050.0;A61;A71;4.0;A93;A101;1.0;A122;35;A152;2;A174;A201;1
104600665;6;A34;A46;1047.0;A61;A73;2.0;A92;A101;4.0;A122;50;A152;1;A172;A201;1
104600666;24;A34;A410;6314.0;A61;A71;4.0;A93;A102;2.0;A124;27;A152;2;A174;A201;1
104600667;30;A31;A42;3496.0;A64;A73;4.0;A93;A101;2.0;A123;34;A152;1;A173;A201;1
104600668;48;A31;A49;3609.0;A61;A73;1.0;A92;A101;1.0;A121;27;A152;1;A173;A201;1
104600669;12;A34;A40;4843.0;A61;A75;3.0;A93;A102;4.0;A122;43;A151;2;A173;A201;2
104600670;30;A34;A43;3017.0;A61;A75;4.0;A93;A101;4.0;A122;47;A152;1;A173;A201;1
104600671;24;A34;A49;4139.0;A62;A73;3.0;A93;A101;3.0;A122;27;A152;2;A172;A201;1
104600672;36;A32;A49;5742.0;A62;A74;2.0;A93;A101;2.0;A123;31;A152;2;A173;A201;1
104600673;60;A32;A40;10366.0;A61;A75;2.0;A93;A101;4.0;A122;42;A152;1;A174;A201;1
104600674;6;A34;A40;2080.0;A63;A73;1.0;A94;A101;2.0;A123;24;A152;1;A173;A201;1
104600675;21;A33;A49;2580.0;A63;A72;4.0;A93;A101;2.0;A121;41;A152;1;A172;A201;2
104600676;30;A34;A43;4530.0;A61;A74;4.0;A92;A101;4.0;A123;26;A151;1;A174;A201;1
104600677;24;A34;A42;5150.0;A61;A75;4.0;A93;A101;4.0;A123;33;A152;1;A173;A201;1
104600678;72;A32;A43;5595.0;A62;A73;2.0;A94;A101;2.0;A123;24;A152;1;A173;A201;2
104600679;24;A32;A43;2384.0;A61;A75;4.0;A93;A101;4.0;A121;64;A151;1;A172;A201;1
104600680;18;A32;A43;1453.0;A61;A72;3.0;A92;A101;1.0;A121;26;A152;1;A173;A201;1
104600681;6;A32;A46;1538.0;A61;A72;1.0;A92;A101;2.0;A124;56;A152;1;A173;A201;1
104600682;12;A32;A43;2279.0;A65;A73;4.0;A93;A101;4.0;A124;37;A153;1;A173;A201;1
104600683;15;A33;A43;1478.0;A61;A73;4.0;A94;A101;3.0;A121;33;A152;2;A173;A201;1
104600684;24;A34;A43;5103.0;A61;A72;3.0;A94;A101;3.0;A124;47;A153;3;A173;A201;1
104600685;36;A33;A49;9857.0;A62;A74;1.0;A93;A101;3.0;A122;31;A152;2;A172;A201;1
104600686;60;A32;A40;6527.0;A65;A73;4.0;A93;A101;4.0;A124;34;A153;1;A173;A201;1
104600687;10;A34;A43;1347.0;A65;A74;4.0;A93;A101;2.0;A122;27;A152;2;A173;A201;1
104600688;36;A33;A40;2862.0;A62;A75;4.0;A93;A101;3.0;A124;30;A153;1;A173;A201;1
104600689;9;A32;A43;2753.0;A62;A75;3.0;A93;A102;4.0;A123;35;A152;1;A173;A201;1
104600690;12;A32;A40;3651.0;A64;A73;1.0;A93;A101;3.0;A122;31;A152;1;A173;A201;1
104600691;15;A34;A42;975.0;A61;A73;2.0;A91;A101;3.0;A122;25;A152;2;A173;A201;1
104600692;15;A32;A45;2631.0;A62;A73;3.0;A92;A101;2.0;A121;25;A152;1;A172;A201;1
104600693;24;A32;A43;2896.0;A62;A72;2.0;A93;A101;1.0;A123;29;A152;1;A173;A201;1
104600694;6;A34;A40;4716.0;A65;A72;1.0;A93;A101;3.0;A121;44;A152;2;A172;A201;1
104600695;24;A32;A43;2284.0;A61;A74;4.0;A93;A101;2.0;A123;28;A152;1;A173;A201;1
104600696;6;A32;A41;1236.0;A63;A73;2.0;A93;A101;4.0;A122;50;A151;1;A173;A201;1
104600697;12;A32;A43;1103.0;A61;A74;4.0;A93;A103;3.0;A121;29;A152;2;A173;A202;1
104600698;12;A34;A40;926.0;A61;A71;1.0;A92;A101;2.0;A122;38;A152;1;A171;A201;1
104600699;18;A34;A43;1800.0;A61;A73;4.0;A93;A101;2.0;A123;24;A152;2;A173;A201;1
104600700;15;A32;A46;1905.0;A61;A75;4.0;A93;A101;4.0;A123;40;A151;1;A174;A201;1
104600701;12;A32;A42;1123.0;A63;A73;4.0;A92;A101;4.0;A123;29;A151;1;A172;A201;2
104600702;48;A34;A41;6331.0;A61;A75;4.0;A93;A101;4.0;A124;46;A153;2;A173;A201;2
104600703;24;A32;A43;1377.0;A62;A75;4.0;A92;A101;2.0;A124;47;A153;1;A173;A201;1
104600704;30;A33;A49;2503.0;A62;A75;4.0;A93;A101;2.0;A122;41;A152;2;A173;A201;1
104600705;27;A32;A49;2528.0;A61;A72;4.0;A92;A101;1.0;A122;32;A152;1;A173;A201;1
104600706;15;A32;A40;5324.0;A63;A75;1.0;A92;A101;4.0;A124;35;A153;1;A173;A201;1
104600707;48;A32;A40;6560.0;A62;A74;3.0;A93;A101;2.0;A122;24;A152;1;A173;A201;2
104600708;12;A30;A42;2969.0;A61;A72;4.0;A92;A101;3.0;A122;25;A151;2;A173;A201;2
104600709;9;A32;A43;1206.0;A61;A75;4.0;A92;A101;4.0;A121;25;A152;1;A173;A201;1
104600710;9;A32;A43;2118.0;A61;A73;2.0;A93;A101;2.0;A121;37;A152;1;A172;A201;1
104600711;18;A34;A43;629.0;A63;A75;4.0;A93;A101;3.0;A122;32;A152;2;A174;A201;1
104600712;6;A31;A46;1198.0;A61;A75;4.0;A92;A101;4.0;A124;35;A153;1;A173;A201;2
104600713;21;A32;A41;2476.0;A65;A75;4.0;A93;A101;4.0;A121;46;A152;1;A174;A201;1
104600714;9;A34;A43;1138.0;A61;A73;4.0;A93;A101;4.0;A121;25;A152;2;A172;A201;1
104600715;60;A32;A40;14027.0;A61;A74;4.0;A93;A101;2.0;A124;27;A152;1;A174;A201;2
104600716;30;A34;A41;7596.0;A65;A75;1.0;A93;A101;4.0;A123;63;A152;2;A173;A201;1
104600717;30;A34;A43;3077.0;A65;A75;3.0;A93;A101;2.0;A123;40;A152;2;A173;A201;1
104600718;18;A32;A43;1505.0;A61;A73;4.0;A93;A101;2.0;A124;32;A153;1;A174;A201;1
104600719;24;A34;A43;3148.0;A65;A73;3.0;A93;A101;2.0;A123;31;A152;2;A173;A201;1
104600720;20;A30;A41;6148.0;A62;A75;3.0;A94;A101;4.0;A123;31;A152;2;A173;A201;1
104600721;9;A30;A43;1337.0;A61;A72;4.0;A93;A101;2.0;A123;34;A152;2;A174;A201;2
104600722;6;A31;A46;433.0;A64;A72;4.0;A92;A101;2.0;A122;24;A151;1;A173;A201;2
104600723;12;A32;A40;1228.0;A61;A73;4.0;A92;A101;2.0;A121;24;A152;1;A172;A201;2
104600724;9;A32;A43;790.0;A63;A73;4.0;A92;A101;3.0;A121;66;A152;1;A172;A201;1
104600725;27;A32;A40;2570.0;A61;A73;3.0;A92;A101;3.0;A121;21;A151;1;A173;A201;2
104600726;6;A34;A40;250.0;A64;A73;2.0;A92;A101;2.0;A121;41;A152;2;A172;A201;1
104600727;15;A34;A43;1316.0;A63;A73;2.0;A94;A101;2.0;A122;47;A152;2;A172;A201;1
104600728;18;A32;A43;1882.0;A61;A73;4.0;A92;A101;4.0;A123;25;A151;2;A173;A201;2
104600729;48;A31;A49;6416.0;A61;A75;4.0;A92;A101;3.0;A124;59;A151;1;A173;A201;2
104600730;24;A34;A49;1275.0;A64;A73;2.0;A91;A101;4.0;A121;36;A152;2;A173;A201;1
104600731;24;A33;A43;6403.0;A61;A72;1.0;A93;A101;2.0;A123;33;A152;1;A173;A201;1
104600732;24;A32;A43;1987.0;A61;A73;2.0;A93;A101;4.0;A121;21;A151;1;A172;A201;2
104600733;8;A32;A43;760.0;A61;A74;4.0;A92;A103;2.0;A121;44;A152;1;A172;A201;1
104600734;24;A32;A41;2603.0;A64;A73;2.0;A92;A101;4.0;A123;28;A151;1;A173;A201;1
104600735;4;A34;A40;3380.0;A61;A74;1.0;A92;A101;1.0;A121;37;A152;1;A173;A201;1
104600736;36;A31;A44;3990.0;A65;A72;3.0;A92;A101;2.0;A124;29;A152;1;A171;A201;1
104600737;24;A32;A41;11560.0;A61;A73;1.0;A92;A101;4.0;A123;23;A151;2;A174;A201;2
104600738;18;A32;A40;4380.0;A62;A73;3.0;A93;A101;4.0;A123;35;A152;1;A172;A201;1
104600739;6;A34;A40;6761.0;A61;A74;1.0;A93;A101;3.0;A124;45;A152;2;A174;A201;1
104600740;30;A30;A49;4280.0;A62;A73;4.0;A92;A101;4.0;A123;26;A151;2;A172;A201;2
104600741;24;A31;A40;2325.0;A62;A74;2.0;A93;A101;3.0;A123;32;A152;1;A173;A201;1
104600742;10;A31;A43;1048.0;A61;A73;4.0;A93;A101;4.0;A121;23;A152;1;A172;A201;1
104600743;21;A32;A43;3160.0;A65;A75;4.0;A93;A101;3.0;A122;41;A152;1;A173;A201;1
104600744;24;A31;A42;2483.0;A63;A73;4.0;A93;A101;4.0;A121;22;A152;1;A173;A201;1
104600745;39;A34;A42;14179.0;A65;A74;4.0;A93;A101;4.0;A122;30;A152;2;A174;A201;1
104600746;13;A34;A49;1797.0;A61;A72;3.0;A93;A101;1.0;A122;28;A152;2;A172;A201;1
104600747;15;A32;A40;2511.0;A61;A71;1.0;A92;A101;4.0;A123;23;A151;1;A173;A201;1
104600748;12;A32;A40;1274.0;A61;A72;3.0;A92;A101;1.0;A121;37;A152;1;A172;A201;2
104600749;21;A32;A41;5248.0;A65;A73;1.0;A93;A101;3.0;A123;26;A152;1;A173;A201;1
104600750;15;A32;A41;3029.0;A61;A74;2.0;A93;A101;2.0;A123;33;A152;1;A173;A201;1
104600751;6;A32;A42;428.0;A61;A75;2.0;A92;A101;1.0;A122;49;A152;1;A173;A201;1
104600752;18;A32;A40;976.0;A61;A72;1.0;A92;A101;2.0;A123;23;A152;1;A172;A201;2
104600753;12;A32;A49;841.0;A62;A74;2.0;A92;A101;4.0;A121;23;A151;1;A172;A201;1
104600754;30;A34;A43;5771.0;A61;A74;4.0;A92;A101;2.0;A123;25;A152;2;A173;A201;1
104600755;12;A33;A45;1555.0;A64;A75;4.0;A93;A101;4.0;A124;55;A153;2;A173;A201;2
104600756;24;A32;A40;1285.0;A65;A74;4.0;A92;A101;4.0;A124;32;A151;1;A173;A201;2
104600757;6;A34;A40;1299.0;A61;A73;1.0;A93;A101;1.0;A121;74;A152;3;A171;A202;1
104600758;15;A34;A43;1271.0;A65;A73;3.0;A93;A101;4.0;A124;39;A153;2;A173;A201;2
104600759;24;A32;A40;1393.0;A61;A73;2.0;A93;A103;2.0;A121;31;A152;1;A173;A201;1
104600760;12;A34;A40;691.0;A61;A75;4.0;A93;A101;3.0;A122;35;A152;2;A173;A201;2
104600761;15;A34;A40;5045.0;A65;A75;1.0;A92;A101;4.0;A123;59;A152;1;A173;A201;1
104600762;18;A34;A42;2124.0;A61;A73;4.0;A92;A101;4.0;A121;24;A151;2;A173;A201;2
104600763;12;A32;A43;2214.0;A61;A73;4.0;A93;A101;3.0;A122;24;A152;1;A172;A201;1
104600764;21;A34;A40;12680.0;A65;A75;4.0;A93;A101;4.0;A124;30;A153;1;A174;A201;2
104600765;24;A34;A40;2463.0;A62;A74;4.0;A94;A101;3.0;A122;27;A152;2;A173;A201;1
104600766;12;A32;A43;1155.0;A61;A75;3.0;A94;A103;3.0;A121;40;A152;2;A172;A201;1
104600767;30;A32;A42;3108.0;A61;A72;2.0;A91;A101;4.0;A122;31;A152;1;A172;A201;2
104600768;10;A32;A41;2901.0;A65;A72;1.0;A92;A101;4.0;A121;31;A151;1;A173;A201;1
104600769;12;A34;A42;3617.0;A61;A75;1.0;A93;A101;4.0;A123;28;A151;3;A173;A201;1
104600770;12;A34;A43;1655.0;A61;A75;2.0;A93;A101;4.0;A121;63;A152;2;A172;A201;1
104600771;24;A32;A41;2812.0;A65;A75;2.0;A92;A101;4.0;A121;26;A151;1;A173;A201;1
104600772;36;A34;A46;8065.0;A61;A73;3.0;A92;A101;2.0;A124;25;A152;2;A174;A201;2
104600773;21;A34;A41;3275.0;A61;A75;1.0;A93;A101;4.0;A123;36;A152;1;A174;A201;1
104600774;24;A34;A43;2223.0;A62;A75;4.0;A93;A101;4.0;A122;52;A152;2;A173;A201;1
104600775;12;A34;A40;1480.0;A63;A71;2.0;A93;A101;4.0;A124;66;A153;3;A171;A201;1
104600776;24;A32;A40;1371.0;A65;A73;4.0;A92;A101;4.0;A121;25;A151;1;A173;A201;2
104600777;36;A34;A40;3535.0;A61;A74;4.0;A93;A101;4.0;A123;37;A152;2;A173;A201;1
104600778;18;A32;A43;3509.0;A61;A74;4.0;A92;A103;1.0;A121;25;A152;1;A173;A201;1
104600779;36;A34;A41;5711.0;A64;A75;4.0;A93;A101;2.0;A123;38;A152;2;A174;A201;1
104600780;18;A32;A45;3872.0;A61;A71;2.0;A92;A101;4.0;A123;67;A152;1;A173;A201;1
104600781;39;A34;A43;4933.0;A61;A74;2.0;A93;A103;2.0;A121;25;A152;2;A173;A201;2
104600782;24;A34;A40;1940.0;A64;A75;4.0;A93;A101;4.0;A121;60;A152;1;A173;A201;1
104600783;12;A30;A48;1410.0;A61;A73;2.0;A93;A101;2.0;A121;31;A152;1;A172;A201;1
104600784;12;A32;A40;836.0;A62;A72;4.0;A92;A101;2.0;A122;23;A152;1;A172;A201;2
104600785;20;A32;A41;6468.0;A65;A71;1.0;A91;A101;4.0;A121;60;A152;1;A174;A201;1
104600786;18;A32;A49;1941.0;A64;A73;4.0;A93;A101;2.0;A122;35;A152;1;A172;A201;1
104600787;22;A32;A43;2675.0;A63;A75;3.0;A93;A101;4.0;A123;40;A152;1;A173;A201;1
104600788;48;A34;A41;2751.0;A65;A75;4.0;A93;A101;3.0;A123;38;A152;2;A173;A201;1
104600789;48;A33;A46;6224.0;A61;A75;4.0;A93;A101;4.0;A124;50;A153;1;A173;A201;2
104600790;40;A34;A46;5998.0;A61;A73;4.0;A93;A101;3.0;A124;27;A152;1;A173;A201;2
104600791;21;A32;A49;1188.0;A61;A75;2.0;A92;A101;4.0;A122;39;A152;1;A173;A201;2
104600792;24;A32;A41;6313.0;A65;A75;3.0;A93;A101;4.0;A123;41;A152;1;A174;A201;1
104600793;6;A34;A42;1221.0;A65;A73;1.0;A94;A101;2.0;A122;27;A152;2;A173;A201;1
104600794;24;A32;A42;2892.0;A61;A75;3.0;A91;A101;4.0;A124;51;A153;1;A173;A201;1
104600795;24;A32;A42;3062.0;A63;A75;4.0;A93;A101;3.0;A124;32;A151;1;A173;A201;1
104600796;9;A32;A42;2301.0;A62;A72;2.0;A92;A101;4.0;A122;22;A151;1;A173;A201;1
104600797;18;A32;A41;7511.0;A65;A75;1.0;A93;A101;4.0;A122;51;A153;1;A173;A201;2
104600798;12;A34;A42;1258.0;A61;A72;2.0;A92;A101;4.0;A122;22;A151;2;A172;A201;1
104600799;24;A33;A40;717.0;A65;A75;4.0;A94;A101;4.0;A123;54;A152;2;A173;A201;1
104600800;9;A32;A40;1549.0;A65;A72;4.0;A93;A101;2.0;A121;35;A152;1;A171;A201;1
104600801;24;A34;A46;1597.0;A61;A75;4.0;A93;A101;4.0;A124;54;A153;2;A173;A201;1
104600802;18;A34;A43;1795.0;A61;A75;3.0;A92;A103;4.0;A121;48;A151;2;A172;A201;1
104600803;20;A34;A42;4272.0;A61;A75;1.0;A92;A101;4.0;A122;24;A152;2;A173;A201;1
104600804;12;A34;A43;976.0;A65;A75;4.0;A93;A101;4.0;A123;35;A152;2;A173;A201;1
104600805;12;A32;A40;7472.0;A65;A71;1.0;A92;A101;2.0;A121;24;A151;1;A171;A201;1
104600806;36;A32;A40;9271.0;A61;A74;2.0;A93;A101;1.0;A123;24;A152;1;A173;A201;2
104600807;6;A32;A43;590.0;A61;A72;3.0;A94;A101;3.0;A121;26;A152;1;A172;A202;1
104600808;12;A34;A43;930.0;A65;A75;4.0;A93;A101;4.0;A121;65;A152;4;A173;A201;1
104600809;42;A31;A41;9283.0;A61;A71;1.0;A93;A101;2.0;A124;55;A153;1;A174;A201;1
104600810;15;A30;A40;1778.0;A61;A72;2.0;A92;A101;1.0;A121;26;A151;2;A171;A201;2
104600811;8;A32;A49;907.0;A61;A72;3.0;A94;A101;2.0;A121;26;A152;1;A173;A201;1
104600812;6;A32;A43;484.0;A61;A74;3.0;A94;A103;3.0;A121;28;A152;1;A172;A201;1
104600813;36;A34;A41;9629.0;A61;A74;4.0;A93;A101;4.0;A123;24;A152;2;A173;A201;2
104600814;48;A32;A44;3051.0;A61;A73;3.0;A93;A101;4.0;A123;54;A152;1;A173;A201;2
104600815;48;A32;A40;3931.0;A61;A74;4.0;A93;A101;4.0;A124;46;A153;1;A173;A201;2
104600816;36;A33;A40;7432.0;A61;A73;2.0;A92;A101;2.0;A122;54;A151;1;A173;A201;1
104600817;6;A32;A44;1338.0;A63;A73;1.0;A91;A101;4.0;A121;62;A152;1;A173;A201;1
104600818;6;A34;A43;1554.0;A61;A74;1.0;A92;A101;2.0;A123;24;A151;2;A173;A201;1
104600819;36;A32;A410;15857.0;A61;A71;2.0;A91;A102;3.0;A123;43;A152;1;A174;A201;1
104600820;18;A32;A43;1345.0;A61;A73;4.0;A94;A101;3.0;A121;26;A152;1;A173;A201;2
104600821;12;A32;A40;1101.0;A61;A73;3.0;A94;A101;2.0;A121;27;A152;2;A173;A201;1
104600822;12;A32;A43;3016.0;A61;A73;3.0;A94;A101;1.0;A123;24;A152;1;A173;A201;1
104600823;36;A32;A42;2712.0;A61;A75;2.0;A93;A101;2.0;A122;41;A152;1;A173;A201;2
104600824;8;A34;A40;731.0;A61;A75;4.0;A93;A101;4.0;A121;47;A152;2;A172;A201;1
104600825;18;A34;A42;3780.0;A61;A72;3.0;A91;A101;2.0;A123;35;A152;2;A174;A201;1
104600826;21;A34;A40;1602.0;A61;A75;4.0;A94;A101;3.0;A123;30;A152;2;A173;A201;1
104600827;18;A34;A40;3966.0;A61;A75;1.0;A92;A101;4.0;A121;33;A151;3;A173;A201;2
104600828;18;A30;A49;4165.0;A61;A73;2.0;A93;A101;2.0;A123;36;A152;2;A173;A201;2
104600829;36;A32;A41;8335.0;A65;A75;3.0;A93;A101;4.0;A124;47;A153;1;A173;A201;2
104600830;48;A33;A49;6681.0;A65;A73;4.0;A93;A101;4.0;A124;38;A153;1;A173;A201;1
104600831;24;A33;A49;2375.0;A63;A73;4.0;A93;A101;2.0;A123;44;A152;2;A173;A201;1
104600832;18;A32;A40;1216.0;A61;A72;4.0;A92;A101;3.0;A123;23;A151;1;A173;A201;2
104600833;45;A30;A49;11816.0;A61;A75;2.0;A93;A101;4.0;A123;29;A151;2;A173;A201;2
104600834;24;A32;A43;5084.0;A65;A75;2.0;A92;A101;4.0;A123;42;A152;1;A173;A201;1
104600835;15;A32;A43;2327.0;A61;A72;2.0;A92;A101;3.0;A121;25;A152;1;A172;A201;2
104600836;12;A30;A40;1082.0;A61;A73;4.0;A93;A101;4.0;A123;48;A152;2;A173;A201;2
104600837;12;A32;A43;886.0;A65;A73;4.0;A92;A101;2.0;A123;21;A152;1;A173;A201;1
104600838;4;A32;A42;601.0;A61;A72;1.0;A92;A101;3.0;A121;23;A151;1;A172;A201;1
104600839;24;A34;A41;2957.0;A61;A75;4.0;A93;A101;4.0;A122;63;A152;2;A173;A201;1
104600840;24;A34;A43;2611.0;A61;A75;4.0;A94;A102;3.0;A121;46;A152;2;A173;A201;1
104600841;36;A32;A42;5179.0;A61;A74;4.0;A93;A101;2.0;A122;29;A152;1;A173;A201;2
104600842;21;A33;A41;2993.0;A61;A73;3.0;A93;A101;2.0;A121;28;A152;2;A172;A201;1
104600843;18;A32;A45;1943.0;A61;A72;4.0;A92;A101;4.0;A121;23;A152;1;A173;A201;2
104600844;24;A31;A49;1559.0;A61;A74;4.0;A93;A101;4.0;A123;50;A152;1;A173;A201;1
104600845;18;A32;A42;3422.0;A61;A75;4.0;A93;A101;4.0;A122;47;A152;3;A173;A201;1
104600846;21;A32;A42;3976.0;A65;A74;2.0;A93;A101;3.0;A123;35;A152;1;A173;A201;1
104600847;18;A32;A40;6761.0;A65;A73;2.0;A93;A101;4.0;A123;68;A151;2;A173;A201;2
104600848;24;A32;A40;1249.0;A61;A72;4.0;A94;A101;2.0;A121;28;A152;1;A173;A201;1
104600849;9;A32;A43;1364.0;A61;A74;3.0;A93;A101;4.0;A121;59;A152;1;A173;A201;1
104600850;12;A32;A43;709.0;A61;A75;4.0;A93;A101;4.0;A121;57;A152;1;A172;A201;2
104600851;20;A34;A40;2235.0;A61;A73;4.0;A94;A103;2.0;A122;33;A151;2;A173;A202;2
104600852;24;A34;A41;4042.0;A65;A74;3.0;A93;A101;4.0;A122;43;A152;2;A173;A201;1
104600853;15;A34;A43;1471.0;A61;A73;4.0;A93;A101;4.0;A124;35;A153;2;A173;A201;1
104600854;18;A31;A40;1442.0;A61;A74;4.0;A93;A101;4.0;A124;32;A153;2;A172;A201;2
104600855;36;A33;A40;10875.0;A61;A75;2.0;A93;A101;2.0;A123;45;A152;2;A173;A201;1
104600856;24;A32;A40;1474.0;A62;A72;4.0;A94;A101;3.0;A121;33;A152;1;A173;A201;1
104600857;10;A32;A48;894.0;A65;A74;4.0;A92;A101;3.0;A122;40;A152;1;A173;A201;1
104600858;15;A34;A42;3343.0;A61;A73;4.0;A93;A101;2.0;A124;28;A153;1;A173;A201;1
104600859;15;A32;A40;3959.0;A61;A73;3.0;A92;A101;2.0;A122;29;A152;1;A173;A201;2
104600860;9;A32;A40;3577.0;A62;A73;1.0;A93;A103;2.0;A121;26;A151;1;A173;A202;1
104600861;24;A34;A41;5804.0;A64;A73;4.0;A93;A101;2.0;A121;27;A152;2;A173;A201;1
104600862;18;A33;A49;2169.0;A61;A73;4.0;A94;A101;2.0;A123;28;A152;1;A173;A201;2
104600863;24;A32;A43;2439.0;A61;A72;4.0;A92;A101;4.0;A121;35;A152;1;A173;A201;2
104600864;27;A34;A42;4526.0;A64;A72;4.0;A93;A101;2.0;A121;32;A152;2;A172;A201;1
104600865;10;A32;A42;2210.0;A61;A73;2.0;A93;A101;2.0;A121;25;A151;1;A172;A201;2
104600866;15;A32;A42;2221.0;A63;A73;2.0;A92;A101;4.0;A123;20;A151;1;A173;A201;1
104600867;18;A32;A43;2389.0;A61;A72;4.0;A92;A101;1.0;A123;27;A152;1;A173;A201;1
104600868;12;A34;A42;3331.0;A61;A75;2.0;A93;A101;4.0;A122;42;A152;1;A173;A201;1
104600869;36;A32;A49;7409.0;A65;A75;3.0;A93;A101;2.0;A122;37;A152;2;A173;A201;1
104600870;12;A32;A42;652.0;A61;A75;4.0;A92;A101;4.0;A122;24;A151;1;A173;A201;1
104600871;36;A33;A42;7678.0;A63;A74;2.0;A92;A101;4.0;A123;40;A152;2;A173;A201;1
104600872;6;A34;A40;1343.0;A61;A75;1.0;A93;A101;4.0;A121;46;A152;2;A173;A202;1
104600873;24;A34;A49;1382.0;A62;A74;4.0;A93;A101;1.0;A121;26;A152;2;A173;A201;1
104600874;15;A32;A44;874.0;A65;A72;4.0;A92;A101;1.0;A121;24;A152;1;A173;A201;1
104600875;12;A32;A42;3590.0;A61;A73;2.0;A93;A102;2.0;A122;29;A152;1;A172;A201;1
104600876;11;A34;A40;1322.0;A64;A73;4.0;A92;A101;4.0;A123;40;A152;2;A173;A201;1
104600877;18;A31;A43;1940.0;A61;A72;3.0;A93;A102;4.0;A124;36;A153;1;A174;A201;1
104600878;36;A32;A43;3595.0;A61;A75;4.0;A93;A101;2.0;A123;28;A152;1;A173;A201;1
104600879;9;A32;A40;1422.0;A61;A72;3.0;A93;A101;2.0;A124;27;A153;1;A174;A201;2
104600880;30;A34;A43;6742.0;A65;A74;2.0;A93;A101;3.0;A122;36;A152;2;A173;A201;1
104600881;24;A32;A41;7814.0;A61;A74;3.0;A93;A101;3.0;A123;38;A152;1;A174;A201;1
104600882;24;A32;A41;9277.0;A65;A73;2.0;A91;A101;4.0;A124;48;A153;1;A173;A201;1
104600883;30;A34;A40;2181.0;A65;A75;4.0;A93;A101;4.0;A121;36;A152;2;A173;A201;1
104600884;18;A34;A43;1098.0;A61;A71;4.0;A92;A101;4.0;A123;65;A152;2;A171;A201;1
104600885;24;A32;A42;4057.0;A61;A74;3.0;A91;A101;3.0;A123;43;A152;1;A173;A201;2
104600886;12;A32;A46;795.0;A61;A72;4.0;A92;A101;4.0;A122;53;A152;1;A173;A201;2
104600887;24;A34;A49;2825.0;A65;A74;4.0;A93;A101;3.0;A124;34;A152;2;A173;A201;1
104600888;48;A32;A49;15672.0;A61;A73;2.0;A93;A101;2.0;A123;23;A152;1;A173;A201;2
104600889;36;A34;A40;6614.0;A61;A75;4.0;A93;A101;4.0;A123;34;A152;2;A174;A201;1
104600890;28;A31;A41;7824.0;A65;A72;3.0;A93;A103;4.0;A121;40;A151;2;A173;A201;1
104600891;27;A34;A49;2442.0;A61;A75;4.0;A93;A101;4.0;A123;43;A152;4;A174;A201;1
104600892;15;A34;A43;1829.0;A61;A75;4.0;A93;A101;4.0;A123;46;A152;2;A173;A201;1
104600893;12;A34;A40;2171.0;A61;A73;4.0;A93;A101;4.0;A122;38;A152;2;A172;A202;1
104600894;36;A34;A41;5800.0;A61;A73;3.0;A93;A101;4.0;A123;34;A152;2;A173;A201;1
104600895;18;A34;A43;1169.0;A65;A73;4.0;A93;A101;3.0;A122;29;A152;2;A173;A201;1
104600896;36;A33;A41;8947.0;A65;A74;3.0;A93;A101;2.0;A123;31;A152;1;A174;A201;1
104600897;21;A32;A43;2606.0;A61;A72;4.0;A92;A101;4.0;A122;28;A151;1;A174;A201;1
104600898;12;A34;A42;1592.0;A64;A74;3.0;A92;A101;2.0;A122;35;A152;1;A173;A202;1
104600899;15;A32;A42;2186.0;A65;A74;1.0;A92;A101;4.0;A121;33;A151;1;A172;A201;1
104600900;18;A32;A42;4153.0;A61;A73;2.0;A93;A102;3.0;A123;42;A152;1;A173;A201;2
104600901;16;A34;A40;2625.0;A61;A75;2.0;A93;A103;4.0;A122;43;A151;1;A173;A201;2
104600902;20;A34;A40;3485.0;A65;A72;2.0;A91;A101;4.0;A121;44;A152;2;A173;A201;1
104600903;36;A34;A41;10477.0;A65;A75;2.0;A93;A101;4.0;A124;42;A153;2;A173;A201;1
104600904;15;A32;A43;1386.0;A65;A73;4.0;A94;A101;2.0;A121;40;A151;1;A173;A201;1
104600905;24;A32;A43;1278.0;A61;A75;4.0;A93;A101;1.0;A121;36;A152;1;A174;A201;1
104600906;12;A32;A43;1107.0;A61;A73;2.0;A93;A101;2.0;A121;20;A151;1;A174;A201;1
104600907;21;A32;A40;3763.0;A65;A74;2.0;A93;A102;2.0;A121;24;A152;1;A172;A202;1
104600908;36;A32;A46;3711.0;A65;A73;2.0;A94;A101;2.0;A123;27;A152;1;A173;A201;1
104600909;15;A33;A41;3594.0;A61;A72;1.0;A92;A101;2.0;A122;46;A152;2;A172;A201;1
104600910;9;A32;A40;3195.0;A65;A73;1.0;A92;A101;2.0;A121;33;A152;1;A172;A201;1
104600911;36;A33;A43;4454.0;A61;A73;4.0;A92;A101;4.0;A121;34;A152;2;A173;A201;1
104600912;24;A34;A42;4736.0;A61;A72;2.0;A92;A101;4.0;A123;25;A152;1;A172;A201;2
104600913;30;A32;A43;2991.0;A65;A75;2.0;A92;A101;4.0;A123;25;A152;1;A173;A201;1
104600914;11;A32;A49;2142.0;A64;A75;1.0;A91;A101;2.0;A121;28;A152;1;A173;A201;1
104600915;24;A31;A49;3161.0;A61;A73;4.0;A93;A101;2.0;A122;31;A151;1;A173;A201;2
104600916;48;A30;A410;18424.0;A61;A73;1.0;A92;A101;2.0;A122;32;A152;1;A174;A202;2
104600917;10;A32;A41;2848.0;A62;A73;1.0;A93;A102;2.0;A121;32;A152;1;A173;A201;1
104600918;6;A32;A40;14896.0;A61;A75;1.0;A93;A101;4.0;A124;68;A152;1;A174;A201;2
104600919;24;A32;A42;2359.0;A62;A71;1.0;A91;A101;1.0;A122;33;A152;1;A173;A201;2
104600920;24;A32;A42;3345.0;A61;A75;4.0;A93;A101;2.0;A122;39;A151;1;A174;A201;2
104600921;18;A34;A42;1817.0;A61;A73;4.0;A92;A101;2.0;A124;28;A152;2;A173;A201;1
104600922;48;A33;A43;12749.0;A63;A74;4.0;A93;A101;1.0;A123;37;A152;1;A174;A201;1
104600923;9;A32;A43;1366.0;A61;A72;3.0;A92;A101;4.0;A122;22;A151;1;A173;A201;2
104600924;12;A32;A40;2002.0;A61;A74;3.0;A93;A101;4.0;A122;30;A151;1;A173;A201;1
104600925;24;A31;A42;6872.0;A61;A72;2.0;A91;A101;1.0;A122;55;A152;1;A173;A201;2
104600926;12;A31;A40;697.0;A61;A72;4.0;A93;A101;2.0;A123;46;A152;2;A173;A201;2
104600927;18;A34;A42;1049.0;A61;A72;4.0;A92;A101;4.0;A122;21;A151;1;A173;A201;1
104600928;48;A32;A41;10297.0;A61;A74;4.0;A93;A101;4.0;A124;39;A153;3;A173;A201;2
104600929;30;A32;A43;1867.0;A65;A75;4.0;A93;A101;4.0;A123;58;A152;1;A173;A201;1
104600930;12;A33;A40;1344.0;A61;A73;4.0;A93;A101;2.0;A121;43;A152;2;A172;A201;1
104600931;24;A32;A42;1747.0;A61;A72;4.0;A93;A102;1.0;A122;24;A152;1;A172;A202;1
104600932;9;A32;A43;1670.0;A61;A72;4.0;A92;A101;2.0;A123;22;A152;1;A173;A201;2
104600933;9;A34;A40;1224.0;A61;A73;3.0;A93;A101;1.0;A121;30;A152;2;A173;A201;1
104600934;12;A34;A43;522.0;A63;A75;4.0;A93;A101;4.0;A122;42;A152;2;A173;A201;1
104600935;12;A32;A43;1498.0;A61;A73;4.0;A92;A101;1.0;A123;23;A152;1;A173;A201;1
104600936;30;A33;A43;1919.0;A62;A72;4.0;A93;A101;3.0;A124;30;A152;2;A174;A201;2
104600937;9;A32;A43;745.0;A61;A73;3.0;A92;A101;2.0;A121;28;A152;1;A172;A201;2
104600938;6;A32;A43;2063.0;A61;A72;4.0;A94;A101;3.0;A123;30;A151;1;A174;A201;1
104600939;60;A32;A46;6288.0;A61;A73;4.0;A93;A101;4.0;A124;42;A153;1;A173;A201;2
104600940;24;A34;A41;6842.0;A65;A73;2.0;A93;A101;4.0;A122;46;A152;2;A174;A201;1
104600941;12;A32;A40;3527.0;A65;A72;2.0;A93;A101;3.0;A122;45;A152;1;A174;A201;1
104600942;10;A32;A40;1546.0;A61;A73;3.0;A93;A101;2.0;A121;31;A152;1;A172;A202;1
104600943;24;A32;A42;929.0;A65;A74;4.0;A93;A101;2.0;A123;31;A152;1;A173;A201;1
104600944;4;A34;A40;1455.0;A61;A74;2.0;A93;A101;1.0;A121;42;A152;3;A172;A201;1
104600945;15;A32;A42;1845.0;A61;A72;4.0;A92;A103;1.0;A122;46;A151;1;A173;A201;1
104600946;48;A30;A40;8358.0;A63;A72;1.0;A92;A101;1.0;A123;30;A152;2;A173;A201;1
104600947;24;A31;A42;3349.0;A63;A72;4.0;A93;A101;4.0;A124;30;A153;1;A173;A201;2
104600948;12;A32;A40;2859.0;A65;A71;4.0;A93;A101;4.0;A124;38;A152;1;A174;A201;1
104600949;18;A32;A42;1533.0;A61;A72;4.0;A94;A102;1.0;A122;43;A152;1;A172;A201;2
104600950;24;A32;A43;3621.0;A62;A75;2.0;A93;A101;4.0;A123;31;A152;2;A173;A201;2
104600951;18;A34;A49;3590.0;A61;A71;3.0;A94;A101;3.0;A123;40;A152;3;A171;A201;1
104600952;36;A33;A49;2145.0;A61;A74;2.0;A93;A101;1.0;A123;24;A152;2;A173;A201;2
104600953;24;A32;A41;4113.0;A63;A72;3.0;A92;A101;4.0;A123;28;A151;1;A173;A201;2
104600954;36;A32;A42;10974.0;A61;A71;4.0;A92;A101;2.0;A123;26;A152;2;A174;A201;2
104600955;12;A32;A40;1893.0;A61;A73;4.0;A92;A103;4.0;A122;29;A152;1;A173;A201;1
104600956;24;A34;A43;1231.0;A64;A75;4.0;A92;A101;4.0;A122;57;A151;2;A174;A201;1
104600957;30;A34;A43;3656.0;A65;A75;4.0;A93;A101;4.0;A122;49;A152;2;A172;A201;1
104600958;9;A34;A43;1154.0;A61;A75;2.0;A93;A101;4.0;A121;37;A152;3;A172;A201;1
104600959;28;A32;A40;4006.0;A61;A73;3.0;A93;A101;2.0;A123;45;A152;1;A172;A201;2
104600960;24;A32;A42;3069.0;A62;A75;4.0;A93;A101;4.0;A124;30;A153;1;A173;A201;1
104600961;6;A34;A43;1740.0;A61;A75;2.0;A94;A101;2.0;A121;30;A151;2;A173;A201;1
104600962;21;A33;A40;2353.0;A61;A73;1.0;A91;A101;4.0;A122;47;A152;2;A173;A201;1
104600963;15;A32;A40;3556.0;A65;A73;3.0;A93;A101;2.0;A124;29;A152;1;A173;A201;1
104600964;24;A32;A43;2397.0;A63;A75;3.0;A93;A101;2.0;A123;35;A152;2;A173;A201;2
104600965;6;A32;A45;454.0;A61;A72;3.0;A94;A101;1.0;A122;22;A152;1;A172;A201;1
104600966;30;A32;A43;1715.0;A65;A73;4.0;A92;A101;1.0;A123;26;A152;1;A173;A201;1
104600967;27;A34;A43;2520.0;A63;A73;4.0;A93;A101;2.0;A122;23;A152;2;A172;A201;2
104600968;15;A32;A43;3568.0;A61;A75;4.0;A92;A101;2.0;A123;54;A151;1;A174;A201;1
104600969;42;A32;A43;7166.0;A65;A74;2.0;A94;A101;4.0;A122;29;A151;1;A173;A201;1
104600970;11;A34;A40;3939.0;A61;A73;1.0;A93;A101;2.0;A121;40;A152;2;A172;A201;1
104600971;15;A32;A45;1514.0;A62;A73;4.0;A93;A103;2.0;A121;22;A152;1;A173;A201;1
104600972;24;A32;A40;7393.0;A61;A73;1.0;A93;A101;4.0;A122;43;A152;1;A172;A201;1
104600973;24;A31;A40;1193.0;A61;A71;1.0;A92;A102;4.0;A124;29;A151;2;A171;A201;2
104600974;60;A32;A49;7297.0;A61;A75;4.0;A93;A102;4.0;A124;36;A151;1;A173;A201;2
104600975;30;A34;A43;2831.0;A61;A73;4.0;A92;A101;2.0;A123;33;A152;1;A173;A201;1
104600976;24;A32;A43;1258.0;A63;A73;3.0;A92;A101;3.0;A123;57;A152;1;A172;A201;1
104600977;6;A32;A43;753.0;A61;A73;2.0;A92;A103;3.0;A121;64;A152;1;A173;A201;1
104600978;18;A33;A49;2427.0;A65;A75;4.0;A93;A101;2.0;A122;42;A152;2;A173;A201;1
104600979;24;A33;A40;2538.0;A61;A75;4.0;A93;A101;4.0;A123;47;A152;2;A172;A201;2
104600980;15;A31;A40;1264.0;A62;A73;2.0;A94;A101;2.0;A122;25;A151;1;A173;A201;2
104600981;30;A34;A42;8386.0;A61;A74;2.0;A93;A101;2.0;A122;49;A152;1;A173;A201;2
104600982;48;A32;A49;4844.0;A61;A71;3.0;A93;A101;2.0;A123;33;A151;1;A174;A201;2
104600983;21;A32;A40;2923.0;A62;A73;1.0;A92;A101;1.0;A123;28;A152;1;A174;A201;1
104600984;36;A32;A41;8229.0;A61;A73;2.0;A93;A101;2.0;A122;26;A152;1;A173;A201;2
104600985;24;A34;A42;2028.0;A61;A74;2.0;A93;A101;2.0;A122;30;A152;2;A172;A201;1
104600986;15;A34;A42;1433.0;A61;A73;4.0;A92;A101;3.0;A122;25;A151;2;A173;A201;1
104600987;42;A30;A49;6289.0;A61;A72;2.0;A91;A101;1.0;A122;33;A152;2;A173;A201;1
104600988;13;A32;A43;1409.0;A62;A71;2.0;A92;A101;4.0;A121;64;A152;1;A173;A201;1
104600989;24;A32;A41;6579.0;A61;A71;4.0;A93;A101;2.0;A124;29;A153;1;A174;A201;1
104600990;24;A34;A43;1743.0;A61;A75;4.0;A93;A101;2.0;A122;48;A152;2;A172;A201;1
104600991;12;A34;A46;3565.0;A65;A72;2.0;A93;A101;1.0;A122;37;A152;2;A172;A201;1
104600992;15;A31;A43;1569.0;A62;A75;4.0;A93;A101;4.0;A123;34;A152;1;A172;A201;1
104600993;18;A32;A43;1936.0;A65;A74;2.0;A94;A101;4.0;A123;23;A151;2;A172;A201;1
104600994;36;A32;A42;3959.0;A61;A71;4.0;A93;A101;3.0;A122;30;A152;1;A174;A201;1
104600995;12;A32;A40;2390.0;A65;A75;4.0;A93;A101;3.0;A123;50;A152;1;A173;A201;1
104600996;12;A32;A42;1736.0;A61;A74;3.0;A92;A101;4.0;A121;31;A152;1;A172;A201;1
104600997;30;A32;A41;3857.0;A61;A73;4.0;A91;A101;4.0;A122;40;A152;1;A174;A201;1
104600998;12;A32;A43;804.0;A61;A75;4.0;A93;A101;4.0;A123;38;A152;1;A173;A201;1
104600999;45;A32;A43;1845.0;A61;A73;4.0;A93;A101;4.0;A124;23;A153;1;A173;A201;2
104601000;45;A34;A41;4576.0;A62;A71;3.0;A93;A101;4.0;A123;27;A152;1;A173;A201;1
706148509;24;A30;A40;24000.0;A61;A75;5.5;A93;A101;25000.0;A121;30;A153;0;A173;A202;1
1103693535;24;A30;A40;15000.0;A61;A74;2.5;A92;A101;30000.0;A121;30;A153;0;A173;A202;1
